method,held_out_fold,validation_window_id,rho,beta,support_size,allowed_training_violation_count,feasible,solver_status,solver_runtime_seconds,mip_gap,decomposition_iterations,active_scenario_count,nominal_operating_cost_usd,actual_operating_cost_usd,actual_carbon_kg,actual_curtailment_mwh,training_mean_batch_adjustment_mwh,validation_batch_adjustment_mwh,workload_envelope_violation_mwh,grid_limit_violation_mw,ramp_violation_mw,workload_violation,grid_limit_violation,ramp_violation
finite_support_TV_DRO,fold_1,0,0.01,0.1,20,1,True,optimal_decomposed,65.60017350001726,0.0,1,2,11792.325750938802,12365.406199128574,184679.95806663926,0.636200936722988,35.289666202662254,42.27461661028069,2.5579538487363607e-13,0.0,8.881784197001252e-16,False,False,False
finite_support_TV_DRO,fold_1,1,0.01,0.1,20,1,True,optimal_decomposed,65.38005119998707,0.0,1,2,12525.598423695703,13156.999274286127,173402.97093033127,0.9491165120846496,34.36969520552476,47.321690524703186,1.1368683772161603e-13,0.0,8.881784197001252e-16,False,False,False
finite_support_TV_DRO,fold_1,2,0.01,0.1,20,1,True,optimal_decomposed,65.62990160001209,0.0,1,2,11768.793953079874,12541.99615931629,191130.3280213859,0.9550452105331279,35.81604330267815,34.019860493600945,4.263256414560601e-14,0.0,6.661338147750939e-16,False,False,False
finite_support_TV_DRO,fold_1,3,0.01,0.1,20,1,True,optimal_decomposed,64.67570609995164,0.0,1,2,12654.280358001177,12679.526250035125,177357.15985845018,1.9445639156311967,33.45985707705135,32.3591166675294,5.684341886080802e-14,0.0,9.992007221626409e-16,False,False,False
finite_support_TV_DRO,fold_1,4,0.01,0.1,20,1,True,optimal_decomposed,64.77181070001097,0.0,1,2,10734.0875621842,10859.244994372226,165313.91550385358,0.5497084595213904,34.80013222099164,35.6412259423468,8.526512829121202e-14,0.0,3.3306690738754696e-16,False,False,False
finite_support_TV_DRO,fold_1,5,0.01,0.1,20,1,True,optimal_decomposed,67.78284810000332,0.0,1,2,12085.285166598229,12896.198034653877,175017.3785409562,0.35579729847976715,34.98336883146678,34.969326364258706,1.4210854715202004e-13,0.0,6.661338147750939e-16,False,False,False
finite_support_TV_DRO,fold_1,6,0.01,0.1,20,1,True,optimal_decomposed,57.31966370000737,0.0,1,2,12102.664345935258,12261.629040152982,177860.26530200813,0.8491816286910084,34.50626445553928,36.018852690006504,1.7053025658242404e-13,0.0,8.881784197001252e-16,False,False,False
finite_support_TV_DRO,fold_1,7,0.01,0.1,20,1,True,optimal_decomposed,65.29939650004962,0.0,1,2,14853.94852027372,16791.78538318808,184086.3305529593,0.4321413600713408,34.847571968995524,38.00081549044076,1.7053025658242404e-13,0.0,3.3306690738754696e-16,False,False,False
finite_support_TV_DRO,fold_1,8,0.01,0.1,20,1,True,optimal_decomposed,71.48559920000844,0.0,1,2,21151.961086262003,22554.932173976278,181500.1525437751,0.634506559149053,33.653478956662816,36.32453169358194,8.526512829121202e-14,0.0,8.881784197001252e-16,False,False,False
finite_support_TV_DRO,fold_1,9,0.01,0.1,20,1,True,optimal_decomposed,67.95669700001599,0.0,1,2,11509.574956834485,11551.887136201956,172535.68242298544,0.6033854696529624,34.73458866589691,40.97985026857686,1.4210854715202004e-13,0.0,3.3306690738754696e-16,False,False,False
finite_support_TV_DRO,fold_1,10,0.01,0.1,20,1,True,optimal_decomposed,66.51778190000914,0.0,1,2,11446.346246763771,11872.160771301718,180968.08457118136,1.9049627867922965,34.152747314647215,29.085878447591607,1.4210854715202004e-13,0.0,8.326672684688674e-16,False,False,False
finite_support_TV_DRO,fold_1,11,0.01,0.1,20,1,True,optimal_decomposed,70.16846849996364,0.0,1,2,12663.168737043761,13427.475856118292,181225.7637367733,0.22992721054971765,33.71068854389786,46.68008721711405,1.1368683772161603e-13,0.0,3.3306690738754696e-16,False,False,False
finite_support_TV_DRO,fold_2,0,0.01,0.1,20,1,True,optimal_decomposed,71.71200900000986,0.0,1,2,16806.465768038444,20723.68106102403,183416.0116993815,0.43173621183444,36.88874538368465,38.78147394947314,1.1368683772161603e-13,0.0,3.3306690738754696e-16,False,False,False
finite_support_TV_DRO,fold_2,1,0.01,0.1,20,1,True,optimal_decomposed,70.1451865999843,0.0,1,2,13442.291128147315,14962.695732430973,177657.59035700985,1.379782545266805,34.41319737783002,33.567440407074464,1.9895196601282805e-13,0.0,6.661338147750939e-16,False,False,False
finite_support_TV_DRO,fold_2,2,0.01,0.1,20,1,True,optimal_decomposed,70.4281019999762,0.0,1,2,12889.65214821595,15322.767346397499,172674.96760954932,1.3623438311252312,35.75988869360101,37.77061707017304,8.526512829121202e-14,0.0,8.881784197001252e-16,False,False,False
finite_support_TV_DRO,fold_2,3,0.01,0.1,20,1,True,optimal_decomposed,70.97974300000351,0.0,1,2,13735.598382579225,18831.097803452216,169468.50532457867,0.9017999875699347,36.375224074498036,32.088264367983925,2.842170943040401e-14,0.0,3.3306690738754696e-16,False,False,False
finite_support_TV_DRO,fold_2,4,0.01,0.1,20,1,True,optimal_decomposed,69.7992087000166,0.0,1,2,13274.980933198725,16461.10248059816,172052.43089383392,1.8410037007881104,34.17149555310276,38.55922990603825,1.1368683772161603e-13,0.0,5.551115123125783e-16,False,False,False
finite_support_TV_DRO,fold_2,5,0.01,0.1,20,1,True,optimal_decomposed,69.86986530001741,0.0,1,2,14695.546779243543,18815.426620763792,172705.91411757565,0.2151504135703594,35.00777519722753,31.4088839504885,1.1368683772161603e-13,0.0,6.106226635438361e-16,False,False,False
finite_support_TV_DRO,fold_2,6,0.01,0.1,20,1,True,optimal_decomposed,70.33773010002915,0.0,1,2,12672.136050685414,14006.84214219225,169004.30778652124,0.8336119459857514,34.281961022441536,29.74798478840833,4.263256414560601e-14,0.0,6.661338147750939e-16,False,False,False
finite_support_TV_DRO,fold_2,7,0.01,0.1,20,1,True,optimal_decomposed,72.31677359994501,0.0,1,2,12408.379562618758,13132.35753070606,177779.98645777104,0.6422960412975028,36.647916742379365,41.17232262400227,1.4210854715202004e-13,0.0,8.881784197001252e-16,False,False,False
finite_support_TV_DRO,fold_2,8,0.01,0.1,20,1,True,optimal_decomposed,71.22446089994628,0.0,1,2,13014.263506879308,14318.061716035818,168436.88684099427,1.9202474206805533,35.55990400049041,37.10323382483062,2.2737367544323206e-13,0.0,3.3306690738754696e-16,False,False,False
finite_support_TV_DRO,fold_2,9,0.01,0.1,20,1,True,optimal_decomposed,74.71815809997497,0.0,1,2,14407.423959862484,16906.080760635312,173433.21878743204,0.9917648792412208,35.918691843265165,31.15953496677992,1.1368683772161603e-13,0.0,1.0547118733938987e-15,False,False,False
finite_support_TV_DRO,fold_2,10,0.01,0.1,20,1,True,optimal_decomposed,70.81802319997223,0.0,1,2,13222.277707798836,14364.029926581017,168294.6485116427,1.6575234036968436,35.849497596779486,30.752645627385306,1.7053025658242404e-13,0.0,5.551115123125783e-16,False,False,False
finite_support_TV_DRO,fold_2,11,0.01,0.1,20,1,True,optimal_decomposed,70.90086110000266,0.0,1,2,12091.769165848775,13741.04476450902,182801.90719059744,0.677273992600192,36.488371799884376,39.2922095479723,1.7053025658242404e-13,0.0,3.3306690738754696e-16,False,False,False
finite_support_TV_DRO,fold_3,0,0.01,0.1,20,1,True,optimal_decomposed,70.48411389999092,0.0,1,2,12608.317556519283,13975.386969676032,188175.12099135222,1.5604808186423256,36.96590004552813,40.19686500687985,1.1368683772161603e-13,0.0,8.881784197001252e-16,False,False,False
finite_support_TV_DRO,fold_3,1,0.01,0.1,20,1,True,optimal_decomposed,69.75192909996258,0.0,1,2,13756.67508184778,15157.115468411048,189568.45967906973,1.2501387314662464,36.37621432128013,36.23838912299898,3.552713678800501e-14,0.0,6.661338147750939e-16,False,False,False
finite_support_TV_DRO,fold_3,2,0.01,0.1,20,1,True,optimal_decomposed,69.95605670002988,0.0,1,2,11249.669938575846,11727.25355017329,180913.88077905428,1.161256885873597,35.113948541361594,33.06447451004614,1.5631940186722204e-13,0.0,3.3306690738754696e-16,False,False,False
finite_support_TV_DRO,fold_3,3,0.01,0.1,20,1,True,optimal_decomposed,70.37461409997195,0.0,1,2,13100.367849808108,14352.453801150075,193547.7426801679,0.8867958824581731,33.88282071299325,30.29854491460934,8.526512829121202e-14,0.0,9.992007221626409e-16,False,False,False
finite_support_TV_DRO,fold_3,4,0.01,0.1,20,1,True,optimal_decomposed,71.72541939996881,0.0,1,2,13906.477728583082,15438.424845948992,197868.94001129532,1.35553084319591,37.13697574918483,37.60367441551116,8.526512829121202e-14,0.0,3.3306690738754696e-16,False,False,False
finite_support_TV_DRO,fold_3,5,0.01,0.1,20,1,True,optimal_decomposed,72.88298049999867,0.0,1,2,13433.974658357758,14289.393829417995,182490.6825461831,0.9387577805702363,34.37695582556831,31.81211555581619,1.7053025658242404e-13,0.0,8.881784197001252e-16,False,False,False
finite_support_TV_DRO,fold_3,6,0.01,0.1,20,1,True,optimal_decomposed,70.19223859999329,0.0,1,2,11781.748061628949,12763.928509242372,181320.4098797467,0.2799565382536413,35.332188612619596,39.81142109980567,8.526512829121202e-14,0.0,1.1102230246251565e-16,False,False,False
finite_support_TV_DRO,fold_3,7,0.01,0.1,20,1,True,optimal_decomposed,71.27399710001191,0.0,1,2,12623.380876419076,13886.420839780269,189418.6997885368,1.6596798712621141,34.83627381313369,29.883818302464974,5.684341886080802e-14,0.0,6.661338147750939e-16,False,False,False
finite_support_TV_DRO,fold_3,8,0.01,0.1,20,1,True,optimal_decomposed,70.11004919995321,0.0,1,2,12103.138243819045,12763.608586477332,187508.67418268256,1.4407442526681358,33.56256289293058,26.23009451056911,1.1368683772161603e-13,0.0,6.661338147750939e-16,False,False,False
finite_support_TV_DRO,fold_3,9,0.01,0.1,20,1,True,optimal_decomposed,71.65482419996988,0.0,1,2,14041.059850281605,15184.972672211132,187627.83630725398,1.7043364526086493,35.553502898342046,43.348835550429335,5.684341886080802e-14,0.0,6.661338147750939e-16,False,False,False
finite_support_TV_DRO,fold_3,10,0.01,0.1,20,1,True,optimal_decomposed,70.3065250000218,0.0,1,2,12864.20758929238,13721.947428649879,187557.29788584623,1.2478635814245456,37.35934600519111,41.095415550793064,8.526512829121202e-14,0.0,8.881784197001252e-16,False,False,False
finite_support_TV_DRO,fold_3,11,0.01,0.1,20,1,True,optimal_decomposed,70.1732076999615,0.0,1,2,13202.473245744735,14372.68393265745,196662.3336489517,2.066354023188296,36.111278334553155,29.239288714719027,1.9895196601282805e-13,0.0,1.2212453270876722e-15,False,False,False
