method,held_out_fold,validation_window_id,gamma,effective_gamma,gamma_saturated,sample_size,energy_quantile,feasible,solver_status,solver_runtime_seconds,mip_gap,max_robust_constraint_violation_mw,nominal_operating_cost_usd,actual_operating_cost_usd,actual_carbon_kg,actual_curtailment_mwh,training_mean_batch_adjustment_mwh,validation_batch_adjustment_mwh,workload_envelope_violation_mwh,grid_limit_violation_mw,ramp_violation_mw,workload_violation,grid_limit_violation,ramp_violation
static_Gamma_RO,fold_1,0,0.5,0.5,False,20,0.9,True,optimal,15.289000034332275,0.0,3.3306690738754696e-16,11792.325750938799,12360.614511897045,184710.38526120092,0.6219159298794081,157.1798526409073,42.19363763552893,2.2737367544323206e-13,0.0,8.326672684688674e-16,False,False,False
static_Gamma_RO,fold_1,1,0.5,0.5,False,20,0.9,True,optimal,22.646000146865845,0.0,2.7755575615628914e-16,12525.598423695708,13077.523874997723,173196.4072156897,0.5901194972780406,156.37643519511457,47.68859003872888,5.684341886080802e-14,0.0,8.881784197001252e-16,False,False,False
static_Gamma_RO,fold_1,2,0.5,0.5,False,20,0.9,True,optimal,14.263000011444092,0.0,2.7755575615628914e-16,11768.793953079867,12495.827066696378,191069.27733725382,0.7407014683169189,156.6452931951812,33.943167637134124,1.1368683772161603e-13,0.0,3.3306690738754696e-16,False,False,False
static_Gamma_RO,fold_1,3,0.5,0.5,False,20,0.9,True,optimal,15.516999959945679,0.0,2.7755575615628914e-16,12654.280358001171,12677.779805138844,177314.5305062832,1.951716850497386,154.74458975792194,32.17888493191388,8.526512829121202e-14,0.0,6.661338147750939e-16,False,False,False
static_Gamma_RO,fold_1,4,0.5,0.5,False,20,0.9,True,optimal,13.98799991607666,0.0,2.7755575615628914e-16,10734.087562184206,10868.762468907049,165359.05029546045,0.5411745657207664,154.36448355407097,35.670480733066796,1.4210854715202004e-13,0.0,3.3306690738754696e-16,False,False,False
static_Gamma_RO,fold_1,5,0.5,0.5,False,20,0.9,True,optimal,18.3439998626709,0.0,2.7755575615628914e-16,12085.28516659823,12912.465210189823,175129.00678512096,0.3549879297527916,157.78950998610185,34.27006638360785,1.4210854715202004e-13,0.0,4.440892098500626e-16,False,False,False
static_Gamma_RO,fold_1,6,0.5,0.5,False,20,0.9,True,optimal,16.236000061035156,0.0,2.498001805406602e-16,12102.664345935253,12282.740986319817,177974.09619585736,0.8372718380648035,155.61592524725384,36.33289086735386,5.684341886080802e-14,0.0,7.771561172376096e-16,False,False,False
static_Gamma_RO,fold_1,7,0.5,0.5,False,20,0.9,True,optimal,20.45899987220764,0.0,3.885780586188048e-16,14853.948520273725,16434.65219851072,184074.43709185295,0.26209003490822036,157.03989040626377,37.78746377830488,9.947598300641403e-14,0.0,1.1102230246251565e-16,False,False,False
static_Gamma_RO,fold_1,8,0.5,0.5,False,20,0.9,True,optimal,24.493000030517578,0.0,3.3306690738754696e-16,21151.96108626184,22531.700850490935,181466.85142471455,0.6251643710044943,156.61356311345568,36.574326485046605,1.1368683772161603e-13,0.0,1.2212453270876722e-15,False,False,False
static_Gamma_RO,fold_1,9,0.5,0.5,False,20,0.9,True,optimal,15.274999856948853,0.0,2.7755575615628914e-16,11509.574956834493,11547.765020646098,172470.51156050473,0.5370918895921,154.40626239173935,40.948037798920836,8.526512829121202e-14,0.0,3.3306690738754696e-16,False,False,False
static_Gamma_RO,fold_1,10,0.5,0.5,False,20,0.9,True,optimal,16.79800009727478,0.0,2.498001805406602e-16,11446.346246763756,11878.531076155474,180902.85359646002,1.8378594012947418,155.78570885084605,29.122190512738317,1.7053025658242404e-13,0.0,3.3306690738754696e-16,False,False,False
static_Gamma_RO,fold_1,11,0.5,0.5,False,20,0.9,True,optimal,17.799000024795532,0.0,2.7755575615628914e-16,12663.16873704377,13394.834308495949,181121.09931288686,0.22992721054935228,154.50896009879548,46.44054098204398,3.126388037344441e-13,0.0,8.881784197001252e-16,False,False,False
static_Gamma_RO,fold_2,0,0.5,0.5,False,20,0.9,True,optimal,21.457000017166138,0.0,3.3306690738754696e-16,16806.465768038477,21044.01920775431,183477.6007035274,0.39161802532703505,156.58140129655038,38.50737761153022,8.526512829121202e-14,0.0,8.326672684688674e-16,False,False,False
static_Gamma_RO,fold_2,1,0.5,0.5,False,20,0.9,True,optimal,20.932999849319458,0.0,2.7755575615628914e-16,13442.291128147297,14961.03946974621,177608.4419023811,1.3720067098653463,155.06041145040052,32.992658313280025,1.1368683772161603e-13,0.0,3.3306690738754696e-16,False,False,False
static_Gamma_RO,fold_2,2,0.5,0.5,False,20,0.9,True,optimal,16.549999952316284,0.0,3.3306690738754696e-16,12889.652148215959,15450.7465490733,172574.76385048396,0.9435982302400996,156.29604456716186,38.04692269230154,8.526512829121202e-14,0.0,6.661338147750939e-16,False,False,False
static_Gamma_RO,fold_2,3,0.5,0.5,False,20,0.9,True,optimal,17.544999837875366,0.0,2.7755575615628914e-16,13735.598382579226,18896.825199633902,169560.79957811523,0.7843934846041194,154.97607862010096,32.44173029427568,5.684341886080802e-14,0.0,6.661338147750939e-16,False,False,False
static_Gamma_RO,fold_2,4,0.5,0.5,False,20,0.9,True,optimal,20.33299994468689,0.0,3.3306690738754696e-16,13274.980933198705,16803.37606892248,172163.48509892117,1.9201150785224828,153.43642176433067,38.190730247887046,5.684341886080802e-14,0.0,8.881784197001252e-16,False,False,False
static_Gamma_RO,fold_2,5,0.5,0.5,False,20,0.9,True,optimal,21.34599995613098,0.0,2.7755575615628914e-16,14695.546779243574,18868.971462117166,172728.6582348082,0.21656609795545498,154.57221992226417,31.855661369290505,7.105427357601002e-14,0.0,8.326672684688674e-16,False,False,False
static_Gamma_RO,fold_2,6,0.5,0.5,False,20,0.9,True,optimal,17.657999992370605,0.0,2.7755575615628914e-16,12672.136050685416,14008.007035735345,169009.14319499373,0.7966283806222203,153.47574719508037,29.64062358929707,8.526512829121202e-14,0.0,6.661338147750939e-16,False,False,False
static_Gamma_RO,fold_2,7,0.5,0.5,False,20,0.9,True,optimal,18.677000045776367,0.0,2.498001805406602e-16,12408.379562618764,13156.40699852329,177824.91499743582,0.6414958780241828,155.58844556286505,41.30726230911086,2.842170943040401e-14,0.0,8.881784197001252e-16,False,False,False
static_Gamma_RO,fold_2,8,0.5,0.5,False,20,0.9,True,optimal,20.299000024795532,0.0,3.3306690738754696e-16,13014.26350687932,14307.677033582095,168414.69176103195,1.6108963757134176,152.68193903348745,37.46595665742368,1.4210854715202004e-13,0.0,3.3306690738754696e-16,False,False,False
static_Gamma_RO,fold_2,9,0.5,0.5,False,20,0.9,True,optimal,17.813999891281128,0.0,3.3306690738754696e-16,14407.42395986249,16884.86586909548,173385.6152305888,0.9182953794384994,155.94832964002796,30.337786938698585,4.263256414560601e-14,0.0,8.881784197001252e-16,False,False,False
static_Gamma_RO,fold_2,10,0.5,0.5,False,20,0.9,True,optimal,21.68499994277954,0.0,2.7755575615628914e-16,13222.27770779884,14349.865908273943,168255.22900411265,1.6131269190085082,152.26026105610472,30.8103230863777,5.684341886080802e-14,0.0,1.1102230246251565e-16,False,False,False
static_Gamma_RO,fold_2,11,0.5,0.5,False,20,0.9,True,optimal,17.44600009918213,0.0,2.7755575615628914e-16,12091.76916584877,13736.97364123661,182873.27538936582,0.7238478426821424,155.89158753084354,39.490761400702596,1.4210854715202004e-13,0.0,3.3306690738754696e-16,False,False,False
static_Gamma_RO,fold_3,0,0.5,0.5,False,20,0.9,True,optimal,15.098000049591064,0.0,3.0531133177191805e-16,12608.31755651929,13976.055538978117,188109.06424451224,1.0326577971144408,156.4873785003814,40.19686500687983,2.5579538487363607e-13,0.0,6.661338147750939e-16,False,False,False
static_Gamma_RO,fold_3,1,0.5,0.5,False,20,0.9,True,optimal,15.524999856948853,0.0,4.163336342344337e-16,13756.675081847769,15180.687129789178,189617.14356844185,1.348779076821661,157.0013314373467,36.43719946100218,9.947598300641403e-14,0.0,8.881784197001252e-16,False,False,False
static_Gamma_RO,fold_3,2,0.5,0.5,False,20,0.9,True,optimal,12.654000043869019,0.0,2.7755575615628914e-16,11249.669938575842,11714.911792030962,180926.6850549635,1.161256885873231,155.84264196780325,32.67946999880653,1.4210854715202004e-13,0.0,3.3306690738754696e-16,False,False,False
static_Gamma_RO,fold_3,3,0.5,0.5,False,20,0.9,True,optimal,17.682000160217285,0.0,3.0531133177191805e-16,13100.367849808106,14344.387546380787,193540.29911782392,0.8447749443130993,155.2582597960371,30.379347352894474,8.526512829121202e-14,0.0,7.771561172376096e-16,False,False,False
static_Gamma_RO,fold_3,4,0.5,0.5,False,20,0.9,True,optimal,20.118000030517578,0.0,2.7755575615628914e-16,13906.477728583077,15439.444680272436,197735.10697893106,0.93488038485036,156.10030241200553,37.82927974892058,1.4210854715202004e-13,0.0,3.3306690738754696e-16,False,False,False
static_Gamma_RO,fold_3,5,0.5,0.5,False,20,0.9,True,optimal,22.76800012588501,0.0,2.7755575615628914e-16,13433.974658357753,14311.578054722386,182586.8381853418,0.9195888051807876,156.36906846990144,32.08922884631931,8.526512829121202e-14,0.0,9.992007221626409e-16,False,False,False
static_Gamma_RO,fold_3,6,0.5,0.5,False,20,0.9,True,optimal,15.184000015258789,0.0,3.3306690738754696e-16,11781.748061628943,12702.413825208121,181039.07382825168,0.27995653825406674,154.24291660856846,39.48151773741514,1.1368683772161603e-13,0.0,3.3306690738754696e-16,False,False,False
static_Gamma_RO,fold_3,7,0.5,0.5,False,20,0.9,True,optimal,16.7260000705719,0.0,3.3306690738754696e-16,12623.380876419074,13885.367466512545,189437.2672008205,1.6666534470562424,154.82077948761767,29.700083934762045,2.5579538487363607e-13,0.0,6.661338147750939e-16,False,False,False
static_Gamma_RO,fold_3,8,0.5,0.5,False,20,0.9,True,optimal,17.740999937057495,0.0,2.7755575615628914e-16,12103.138243819041,12769.940371308103,187549.83482919767,1.428920855241717,153.5017505085377,26.343171471531154,1.4210854715202004e-13,0.0,4.440892098500626e-16,False,False,False
static_Gamma_RO,fold_3,9,0.5,0.5,False,20,0.9,True,optimal,19.88100004196167,0.0,2.7755575615628914e-16,14041.059850281614,15240.748112771518,187749.98700636468,1.5907941078197703,155.2153914951278,43.43935544140767,1.1368683772161603e-13,0.0,5.551115123125783e-16,False,False,False
static_Gamma_RO,fold_3,10,0.5,0.5,False,20,0.9,True,optimal,15.822999954223633,0.0,3.3306690738754696e-16,12864.207589292368,13637.405398351204,187314.23215295948,0.9078335134405425,156.43945560468958,40.710240372404876,2.5579538487363607e-13,0.0,8.881784197001252e-16,False,False,False
static_Gamma_RO,fold_3,11,0.5,0.5,False,20,0.9,True,optimal,17.570000171661377,0.0,3.0531133177191805e-16,13202.47324574474,14368.987603692714,196466.35576849934,2.0054166244815814,153.88742425730362,29.53917594607732,1.4210854715202004e-13,0.0,6.661338147750939e-16,False,False,False
static_Gamma_RO,fold_1,0,0.75,0.75,False,20,0.9,True,optimal,16.41100001335144,0.0,2.498001805406602e-16,11792.325750938802,12371.451795244833,184704.85475750806,0.6661306347913059,151.74137979402636,42.09182201901992,1.9895196601282805e-13,0.0,7.216449660063518e-16,False,False,False
static_Gamma_RO,fold_1,1,0.75,0.75,False,20,0.9,True,optimal,20.48900008201599,0.0,2.7755575615628914e-16,12525.598423695717,13106.475554469962,173221.6115562476,0.6415388131911003,152.9724464897326,47.31607348748526,1.9895196601282805e-13,0.0,3.3306690738754696e-16,False,False,False
static_Gamma_RO,fold_1,2,0.75,0.75,False,20,0.9,True,optimal,13.937000036239624,0.0,2.220446049250313e-16,11768.79395307987,12499.864191863744,191084.7881664348,0.7407014683174228,147.245762726834,33.906191575701875,8.526512829121202e-14,0.0,3.3306690738754696e-16,False,False,False
static_Gamma_RO,fold_1,3,0.75,0.75,False,20,0.9,True,optimal,16.432999849319458,0.0,3.3306690738754696e-16,12654.28035800117,12688.798882112136,177441.77886890576,1.8837395033088513,149.0855645218739,32.31530172410273,1.1368683772161603e-13,0.0,6.661338147750939e-16,False,False,False
static_Gamma_RO,fold_1,4,0.75,0.75,False,20,0.9,True,optimal,17.132999897003174,0.0,2.7755575615628914e-16,10734.087562184208,10861.834203417202,165338.08808814455,0.5449647021774966,150.82316126212817,35.555021454311685,5.684341886080802e-14,0.0,3.3306690738754696e-16,False,False,False
static_Gamma_RO,fold_1,5,0.75,0.75,False,20,0.9,True,optimal,20.15500020980835,0.0,2.7755575615628914e-16,12085.28516659823,12914.001999403192,175165.76284988917,0.3631977920675964,155.5864776278194,34.343865624490256,1.1368683772161603e-13,0.0,8.881784197001252e-16,False,False,False
static_Gamma_RO,fold_1,6,0.75,0.75,False,20,0.9,True,optimal,18.83299994468689,0.0,2.498001805406602e-16,12102.66434593525,12291.005393180882,177970.31262604552,0.8372718380641387,151.18827416415212,36.33289086735405,2.842170943040401e-14,0.0,6.661338147750939e-16,False,False,False
static_Gamma_RO,fold_1,7,0.75,0.75,False,20,0.9,True,optimal,19.055999994277954,0.0,2.7755575615628914e-16,14853.948520273749,16424.77734558977,184057.0716253235,0.24817121049512889,150.79904624061885,38.08089207484332,5.684341886080802e-14,0.0,1.1102230246251565e-16,False,False,False
static_Gamma_RO,fold_1,8,0.75,0.75,False,20,0.9,True,optimal,20.78600001335144,0.0,2.7755575615628914e-16,21151.961086261894,22663.586775639338,181445.83961107777,0.5434916716849423,154.59882480089377,36.95670250032838,1.7053025658242404e-13,0.0,8.881784197001252e-16,False,False,False
static_Gamma_RO,fold_1,9,0.75,0.75,False,20,0.9,True,optimal,15.799000024795532,0.0,3.885780586188048e-16,11509.574956834489,11546.536770702825,172467.325742724,0.5370918895920613,149.9263422030261,40.87973911027784,2.2737367544323206e-13,0.0,3.3306690738754696e-16,False,False,False
static_Gamma_RO,fold_1,10,0.75,0.75,False,20,0.9,True,optimal,16.936000108718872,0.0,2.7755575615628914e-16,11446.346246763755,11874.545253499875,180902.9979541095,1.883034092294226,150.250169593611,28.81942851120588,1.1368683772161603e-13,0.0,3.3306690738754696e-16,False,False,False
static_Gamma_RO,fold_1,11,0.75,0.75,False,20,0.9,True,optimal,16.621000051498413,0.0,2.7755575615628914e-16,12663.168737043767,13526.448630683968,181053.5999041242,0.22992721054911902,150.0454542241406,46.62627873559628,1.4210854715202004e-13,0.0,3.3306690738754696e-16,False,False,False
static_Gamma_RO,fold_2,0,0.75,0.75,False,20,0.9,True,optimal,19.494999885559082,0.0,2.7755575615628914e-16,16806.465768038463,21038.803000621116,183486.32034861328,0.36494932287514714,151.22357127279435,38.506988351062496,8.526512829121202e-14,0.0,8.326672684688674e-16,False,False,False
static_Gamma_RO,fold_2,1,0.75,0.75,False,20,0.9,True,optimal,20.85599994659424,0.0,2.7755575615628914e-16,13442.29112814728,14957.180001985973,177628.057545067,1.3014985271196977,149.46266668892633,33.43555438413443,5.684341886080802e-14,0.0,3.3306690738754696e-16,False,False,False
static_Gamma_RO,fold_2,2,0.75,0.75,False,20,0.9,True,optimal,18.39800000190735,0.0,3.2751579226442118e-15,12889.652148215933,15306.069956577794,172711.0049693687,0.9435982302399718,151.27756279137805,37.79676829349778,2.8421709430404007e-13,0.0,7.771561172376096e-16,False,False,False
static_Gamma_RO,fold_2,3,0.75,0.75,False,20,0.9,True,optimal,22.296000003814697,0.0,2.7755575615628914e-16,13735.598382579226,18823.472225997983,169450.26199801126,0.8566559038912429,150.58522509586544,32.58545173587669,5.684341886080802e-14,0.0,3.3306690738754696e-16,False,False,False
static_Gamma_RO,fold_2,4,0.75,0.75,False,20,0.9,True,optimal,22.56500005722046,0.0,2.7755575615628914e-16,13274.980933198707,16346.572468787588,172010.47401206827,1.8041059832492858,148.1839606524357,38.62431740725447,8.526512829121202e-14,0.0,3.3306690738754696e-16,False,False,False
static_Gamma_RO,fold_2,5,0.75,0.75,False,20,0.9,True,optimal,24.70800018310547,0.0,3.0531133177191805e-16,14695.546779243507,18697.590255258154,172695.39937742174,0.20482454630570854,149.2100748067773,31.633828883665092,1.1368683772161603e-13,0.0,8.326672684688674e-16,False,False,False
static_Gamma_RO,fold_2,6,0.75,0.75,False,20,0.9,True,optimal,17.478000164031982,0.0,2.7755575615628914e-16,12672.136050685409,13988.523675436152,168971.14036303587,0.7969013249787811,149.36728588429764,29.684414957460188,7.105427357601002e-14,0.0,6.661338147750939e-16,False,False,False
static_Gamma_RO,fold_2,7,0.75,0.75,False,20,0.9,True,optimal,15.672999858856201,0.0,2.498001805406602e-16,12408.379562618766,13195.729147886077,177904.06822389056,0.6216066070463118,152.61613695200228,41.11799679947158,1.4210854715202004e-13,0.0,8.881784197001252e-16,False,False,False
static_Gamma_RO,fold_2,8,0.75,0.75,False,20,0.9,True,optimal,23.08300018310547,0.0,2.7755575615628914e-16,13014.263506879324,14294.180980168308,168409.80832314896,1.5968931570291147,149.76583860776697,37.28958088090207,1.7053025658242404e-13,0.0,6.661338147750939e-16,False,False,False
static_Gamma_RO,fold_2,9,0.75,0.75,False,20,0.9,True,optimal,21.874000072479248,0.0,2.7755575615628914e-16,14407.423959862484,16883.86315618556,173363.6616192869,0.8862436911753382,152.49249839636371,30.50798982922934,9.947598300641403e-14,0.0,8.326672684688674e-16,False,False,False
static_Gamma_RO,fold_2,10,0.75,0.75,False,20,0.9,True,optimal,22.30999994277954,0.0,3.3306690738754696e-16,13222.277707798825,14341.331052745838,168196.23472835825,1.497004822990055,150.03837742474641,30.96937349653085,1.1368683772161603e-13,0.0,9.992007221626409e-16,False,False,False
static_Gamma_RO,fold_2,11,0.75,0.75,False,20,0.9,True,optimal,20.32200002670288,0.0,3.0531133177191805e-16,12091.769165848767,13288.93133141582,182679.53939193138,0.7188809665087372,153.0318898149789,39.63710764905084,1.7053025658242404e-13,0.0,6.661338147750939e-16,False,False,False
static_Gamma_RO,fold_3,0,0.75,0.75,False,20,0.9,True,optimal,21.933000087738037,0.0,2.7755575615628914e-16,12608.317556519285,13979.009857849094,188125.87108151903,1.0491035886434381,151.744998267234,40.03531828349315,1.7053025658242404e-13,0.0,4.440892098500626e-16,False,False,False
static_Gamma_RO,fold_3,1,0.75,0.75,False,20,0.9,True,optimal,23.806999921798706,0.0,2.7755575615628914e-16,13756.67508184776,15191.722410626639,189596.54321220945,1.2722023175404937,152.82252869319854,36.58440132607937,1.7053025658242404e-13,0.0,3.3306690738754696e-16,False,False,False
static_Gamma_RO,fold_3,2,0.75,0.75,False,20,0.9,True,optimal,14.395999908447266,0.0,2.220446049250313e-16,11249.669938575844,11709.666915037084,180840.56764868659,1.1612568858731032,150.93861063319406,32.87042368481594,2.1316282072803006e-13,0.0,4.440892098500626e-16,False,False,False
static_Gamma_RO,fold_3,3,0.75,0.75,False,20,0.9,True,optimal,17.967999935150146,0.0,3.608224830031759e-16,13100.367849808108,14349.184579567236,193554.3427498475,0.8611178563098265,151.53621165549478,30.182366541216673,1.1368683772161603e-13,0.0,7.771561172376096e-16,False,False,False
static_Gamma_RO,fold_3,4,0.75,0.75,False,20,0.9,True,optimal,18.67300009727478,0.0,2.7755575615628914e-16,13906.477728583084,15368.923581904512,197705.6621717024,1.2020840643067507,151.99306568074508,37.284436666585975,1.7053025658242404e-13,0.0,3.3306690738754696e-16,False,False,False
static_Gamma_RO,fold_3,5,0.75,0.75,False,20,0.9,True,optimal,22.131999969482422,0.0,2.7755575615628914e-16,13433.974658357749,14303.555996481093,182537.1578654041,0.8239842937590598,150.91509212305303,32.625705501561164,8.526512829121202e-14,0.0,8.881784197001252e-16,False,False,False
static_Gamma_RO,fold_3,6,0.75,0.75,False,20,0.9,True,optimal,17.954999923706055,0.0,2.7755575615628914e-16,11781.74806162895,12734.43782885442,181274.16786238234,0.27995653825410205,149.96302422975305,39.4594707395532,1.1368683772161603e-13,0.0,1.1102230246251565e-16,False,False,False
static_Gamma_RO,fold_3,7,0.75,0.75,False,20,0.9,True,optimal,16.054999828338623,0.0,3.0531133177191805e-16,12623.380876419076,13882.857712523795,189427.38754047218,1.6583560145159375,149.94478761326624,29.708772145399436,1.4210854715202004e-13,0.0,3.3306690738754696e-16,False,False,False
static_Gamma_RO,fold_3,8,0.75,0.75,False,20,0.9,True,optimal,15.744999885559082,0.0,2.220446049250313e-16,12103.138243819038,12760.169248167133,187488.2539679146,1.2633173424667765,149.62639108742988,26.606356202251035,1.1368683772161603e-13,0.0,4.440892098500626e-16,False,False,False
static_Gamma_RO,fold_3,9,0.75,0.75,False,20,0.9,True,optimal,19.526999950408936,0.0,2.7755575615628914e-16,14041.059850281628,15187.378640008283,187593.6677876073,1.5907941078194736,153.3209852111538,43.36531464445422,1.1368683772161603e-13,0.0,7.771561172376096e-16,False,False,False
static_Gamma_RO,fold_3,10,0.75,0.75,False,20,0.9,True,optimal,16.259999990463257,0.0,3.3306690738754696e-16,12864.207589292373,13638.134049439295,187330.0340286047,0.9078335134401376,150.17495993080217,40.829237536782166,1.1368683772161603e-13,0.0,8.881784197001252e-16,False,False,False
static_Gamma_RO,fold_3,11,0.75,0.75,False,20,0.9,True,optimal,16.20699977874756,0.0,2.7755575615628914e-16,13202.47324574474,14364.663723065029,196484.86691646092,2.001594431820901,148.83339048539662,29.52370680831092,1.1368683772161603e-13,0.0,6.661338147750939e-16,False,False,False
