suite,configuration,method,window,workload_replay_id,energy_uncertainty,workload_uncertainty,sample_size,gamma,rho,effective_capacity_fraction,bess_degradation_cost_usd_per_mwh_throughput,solver_status,solve_wall_time_seconds,solver_runtime_seconds,mip_gap,decomposition_iterations,active_scenario_count,nominal_grid_cost_usd,nominal_bess_degradation_cost_usd,nominal_operating_cost_usd,actual_grid_cost_usd,actual_operating_cost_usd,actual_carbon_kg,actual_curtailment_mwh,batch_adjustment_mwh,workload_envelope_violation_mwh,grid_limit_violation_mw,ramp_violation_mw,workload_violation,grid_limit_violation,ramp_violation
main,deterministic,deterministic,2025-07-01,0,True,True,0,,,0.7,20.0,optimal,1.6988356000001659,1.6988366999994469,0.0,0,0,15866.124294733403,295.2709491819041,16161.395243915307,16702.026351984812,16997.297301166716,171801.63292933127,0.0,55.617967725259696,0.0,0.1296726873329963,0.0,False,True,False
main,deterministic,deterministic,2025-07-01,1,True,True,0,,,0.7,20.0,optimal,1.6988356000001659,1.6988366999994469,0.0,0,0,15866.124294733403,295.2709491819041,16161.395243915307,16669.278069784246,16964.54901896615,171180.61318315953,0.40577524356699207,67.52196040668328,0.0,0.14824734974618514,0.0,False,True,False
main,deterministic,deterministic,2025-07-01,2,True,True,0,,,0.7,20.0,optimal,1.6988356000001659,1.6988366999994469,0.0,0,0,15866.124294733403,295.2709491819041,16161.395243915307,16745.429466313995,17040.7004154959,171631.89181216556,0.39079252459601127,52.46517437814072,0.0,0.13005647805695975,0.0,False,True,False
main,deterministic,deterministic,2025-07-01,3,True,True,0,,,0.7,20.0,optimal,1.6988356000001659,1.6988366999994469,0.0,0,0,15866.124294733403,295.2709491819041,16161.395243915307,16708.297789491942,17003.568738673846,171770.68941534404,0.09747492241453526,58.00118903065381,0.0,0.17789685268407007,0.0,False,True,False
main,deterministic,deterministic,2025-07-01,4,True,True,0,,,0.7,20.0,optimal,1.6988356000001659,1.6988366999994469,0.0,0,0,15866.124294733403,295.2709491819041,16161.395243915307,16594.500116673033,16889.771065854937,172024.61175783462,0.0,49.928242994966254,0.0,0.05808246650004145,0.0,False,True,False
main,deterministic,deterministic,2025-07-01,5,True,True,0,,,0.7,20.0,optimal,1.6988356000001659,1.6988366999994469,0.0,0,0,15866.124294733403,295.2709491819041,16161.395243915307,16713.26192983103,17008.532879012935,171776.1832411315,0.0,59.052845694162315,0.0,0.12979068651634496,0.0,False,True,False
main,deterministic,deterministic,2025-07-01,6,True,True,0,,,0.7,20.0,optimal,1.6988356000001659,1.6988366999994469,0.0,0,0,15866.124294733403,295.2709491819041,16161.395243915307,16780.68474491321,17075.955694095115,171959.61880106793,0.0,55.61040794999473,0.0,0.16241239205005464,0.0,False,True,False
main,deterministic,deterministic,2025-07-01,7,True,True,0,,,0.7,20.0,optimal,1.6988356000001659,1.6988366999994469,0.0,0,0,15866.124294733403,295.2709491819041,16161.395243915307,16725.30639353683,17020.577342718734,171941.94822534066,0.3311311882617431,55.31029473930916,0.0,0.12979068651634496,0.0,False,True,False
main,deterministic,deterministic,2025-07-01,8,True,True,0,,,0.7,20.0,optimal,1.6988356000001659,1.6988366999994469,0.0,0,0,15866.124294733403,295.2709491819041,16161.395243915307,16631.79504901571,16927.065998197613,171332.53686231902,0.0,56.132412031679785,0.0,0.13444107428367724,0.0,False,True,False
main,deterministic,deterministic,2025-07-01,9,True,True,0,,,0.7,20.0,optimal,1.6988356000001659,1.6988366999994469,0.0,0,0,15866.124294733403,295.2709491819041,16161.395243915307,16794.914573482525,17090.18552266443,171750.1415719534,0.46899011539359475,63.74054296666801,0.0,0.13005647805695975,0.0,False,True,False
main,deterministic,deterministic,2025-07-01,10,True,True,0,,,0.7,20.0,optimal,1.6988356000001659,1.6988366999994469,0.0,0,0,15866.124294733403,295.2709491819041,16161.395243915307,16703.88421613932,16999.155165321223,171642.76947735337,0.0,54.64971927167585,0.0,0.07951043877168784,0.0,False,True,False
main,deterministic,deterministic,2025-07-01,11,True,True,0,,,0.7,20.0,optimal,1.6988356000001659,1.6988366999994469,0.0,0,0,15866.124294733403,295.2709491819041,16161.395243915307,16723.47660167369,17018.747550855594,171613.8279725776,0.0,51.07341662462388,0.0,0.19475623117904806,0.0,False,True,False
main,deterministic,deterministic,2025-07-01,12,True,True,0,,,0.7,20.0,optimal,1.6988356000001659,1.6988366999994469,0.0,0,0,15866.124294733403,295.2709491819041,16161.395243915307,16757.616605072126,17052.88755425403,171218.48331775586,0.11073314716427379,53.15678618972589,0.0,0.16098074268698537,0.0,False,True,False
main,deterministic,deterministic,2025-07-01,13,True,True,0,,,0.7,20.0,optimal,1.6988356000001659,1.6988366999994469,0.0,0,0,15866.124294733403,295.2709491819041,16161.395243915307,16766.832471475605,17062.10342065751,171605.90649744627,0.6030891926373687,56.832611678610746,0.0,0.12979068651634496,0.0,False,True,False
main,deterministic,deterministic,2025-07-01,14,True,True,0,,,0.7,20.0,optimal,1.6988356000001659,1.6988366999994469,0.0,0,0,15866.124294733403,295.2709491819041,16161.395243915307,16692.932325366754,16988.203274548658,171519.8840215157,0.06688380142178035,55.68750658362385,0.0,0.059583920507585875,0.0,False,True,False
main,deterministic,deterministic,2025-07-01,15,True,True,0,,,0.7,20.0,optimal,1.6988356000001659,1.6988366999994469,0.0,0,0,15866.124294733403,295.2709491819041,16161.395243915307,16719.224822944587,17014.49577212649,171269.15218911468,0.0,52.38999205437618,0.0,0.0952127151047788,0.0,False,True,False
main,deterministic,deterministic,2025-07-01,16,True,True,0,,,0.7,20.0,optimal,1.6988356000001659,1.6988366999994469,0.0,0,0,15866.124294733403,295.2709491819041,16161.395243915307,16755.93655702727,17051.207506209175,172175.54424850005,0.0,53.901172074399916,0.0,0.1418510799541559,0.0,False,True,False
main,deterministic,deterministic,2025-07-01,17,True,True,0,,,0.7,20.0,optimal,1.6988356000001659,1.6988366999994469,0.0,0,0,15866.124294733403,295.2709491819041,16161.395243915307,16850.525539402763,17145.796488584667,171521.2111823201,0.0,64.24614054825959,0.0,0.13005647805695975,0.0,False,True,False
main,deterministic,deterministic,2025-07-01,18,True,True,0,,,0.7,20.0,optimal,1.6988356000001659,1.6988366999994469,0.0,0,0,15866.124294733403,295.2709491819041,16161.395243915307,16889.304795922497,17184.5757451044,171650.09158470217,0.5360240746121642,59.663405521463275,0.0,0.11594076991352908,0.0,False,True,False
main,deterministic,deterministic,2025-07-01,19,True,True,0,,,0.7,20.0,optimal,1.6988356000001659,1.6988366999994469,0.0,0,0,15866.124294733403,295.2709491819041,16161.395243915307,16709.45350867563,17004.724457857534,171643.67984932967,0.0,57.45853360085871,0.0,0.27395238567805524,0.0,False,True,False
main,deterministic,deterministic,2025-07-01,20,True,True,0,,,0.7,20.0,optimal,1.6988356000001659,1.6988366999994469,0.0,0,0,15866.124294733403,295.2709491819041,16161.395243915307,16754.54727646791,17049.818225649815,172517.495960714,0.0,53.08768359606602,0.0,0.173098019282099,0.0,False,True,False
main,deterministic,deterministic,2025-07-01,21,True,True,0,,,0.7,20.0,optimal,1.6988356000001659,1.6988366999994469,0.0,0,0,15866.124294733403,295.2709491819041,16161.395243915307,16670.73350538792,16966.004454569826,171887.63236744836,0.11154672229764406,51.295403631146584,0.0,0.14261638354872708,0.0,False,True,False
main,deterministic,deterministic,2025-07-01,22,True,True,0,,,0.7,20.0,optimal,1.6988356000001659,1.6988366999994469,0.0,0,0,15866.124294733403,295.2709491819041,16161.395243915307,16723.105179095262,17018.376128277167,171505.11357840372,0.0,55.65882064060353,0.0,0.1492907894621358,0.0,False,True,False
main,deterministic,deterministic,2025-07-01,23,True,True,0,,,0.7,20.0,optimal,1.6988356000001659,1.6988366999994469,0.0,0,0,15866.124294733403,295.2709491819041,16161.395243915307,16725.78774203444,17021.058691216345,171484.25345963665,0.4209392892386227,58.63750709265658,0.0,0.09820928470137447,0.0,False,True,False
main,deterministic,deterministic,2025-07-01,24,True,True,0,,,0.7,20.0,optimal,1.6988356000001659,1.6988366999994469,0.0,0,0,15866.124294733403,295.2709491819041,16161.395243915307,16773.365184982616,17068.63613416452,171651.77287703927,0.18662779193997042,64.00147196419056,0.0,0.13005647805695975,0.0,False,True,False
main,deterministic,deterministic,2025-07-01,25,True,True,0,,,0.7,20.0,optimal,1.6988356000001659,1.6988366999994469,0.0,0,0,15866.124294733403,295.2709491819041,16161.395243915307,16728.560081434473,17023.831030616377,171949.82061865786,0.0,48.94179851973725,0.0,0.07522351616143053,0.0,False,True,False
main,deterministic,deterministic,2025-07-01,26,True,True,0,,,0.7,20.0,optimal,1.6988356000001659,1.6988366999994469,0.0,0,0,15866.124294733403,295.2709491819041,16161.395243915307,16711.045642615834,17006.31659179774,171231.06471480508,0.0905456784077665,63.61374647398532,0.0,0.059583920507585875,0.0,False,True,False
main,deterministic,deterministic,2025-07-01,27,True,True,0,,,0.7,20.0,optimal,1.6988356000001659,1.6988366999994469,0.0,0,0,15866.124294733403,295.2709491819041,16161.395243915307,16743.8714594158,17039.142408597705,171108.16133935578,0.0890266843971328,61.08433500799651,0.0,0.08714124938100665,0.0,False,True,False
main,deterministic,deterministic,2025-07-01,28,True,True,0,,,0.7,20.0,optimal,1.6988356000001659,1.6988366999994469,0.0,0,0,15866.124294733403,295.2709491819041,16161.395243915307,16732.39857015208,17027.669519333984,172036.8773140679,0.0,45.344638133430344,0.0,0.09738076207444335,0.0,False,True,False
main,deterministic,deterministic,2025-07-01,29,True,True,0,,,0.7,20.0,optimal,1.6988356000001659,1.6988366999994469,0.0,0,0,15866.124294733403,295.2709491819041,16161.395243915307,16769.14880378066,17064.419752962564,171746.16896414704,0.4186175950109305,47.71034554432231,0.0,0.09947682092524834,0.0,False,True,False
main,deterministic,deterministic,2025-07-01,30,True,True,0,,,0.7,20.0,optimal,1.6988356000001659,1.6988366999994469,0.0,0,0,15866.124294733403,295.2709491819041,16161.395243915307,16606.18217879864,16901.453127980545,171671.34255276812,0.13566269796105335,49.56650462523165,0.0,0.16468056563229183,0.0,False,True,False
main,deterministic,deterministic,2025-07-01,31,True,True,0,,,0.7,20.0,optimal,1.6988356000001659,1.6988366999994469,0.0,0,0,15866.124294733403,295.2709491819041,16161.395243915307,16685.81888950276,16981.089838684664,171358.20862690505,0.06938290229069893,57.53971355073797,0.0,0.17160425440327254,0.0,False,True,False
main,deterministic,deterministic,2025-07-01,32,True,True,0,,,0.7,20.0,optimal,1.6988356000001659,1.6988366999994469,0.0,0,0,15866.124294733403,295.2709491819041,16161.395243915307,16724.119349570905,17019.39029875281,171362.3589017257,0.013020591594713082,60.319194308615195,0.0,0.11979772328807825,0.0,False,True,False
main,deterministic,deterministic,2025-07-01,33,True,True,0,,,0.7,20.0,optimal,1.6988356000001659,1.6988366999994469,0.0,0,0,15866.124294733403,295.2709491819041,16161.395243915307,16742.40928360617,17037.680232788076,171434.2485871717,0.0,67.80342141050416,0.0,0.13005647805695975,0.0,False,True,False
main,deterministic,deterministic,2025-07-01,34,True,True,0,,,0.7,20.0,optimal,1.6988356000001659,1.6988366999994469,0.0,0,0,15866.124294733403,295.2709491819041,16161.395243915307,16681.73474745303,16977.005696634933,171903.9285446207,0.0,57.41234533360306,0.0,0.26909057700166006,0.0,False,True,False
main,deterministic,deterministic,2025-07-01,35,True,True,0,,,0.7,20.0,optimal,1.6988356000001659,1.6988366999994469,0.0,0,0,15866.124294733403,295.2709491819041,16161.395243915307,16775.27461198393,17070.545561165833,171885.11279314678,0.0,60.94151331659641,0.0,0.12812194047542924,0.0,False,True,False
main,deterministic,deterministic,2025-07-01,36,True,True,0,,,0.7,20.0,optimal,1.6988356000001659,1.6988366999994469,0.0,0,0,15866.124294733403,295.2709491819041,16161.395243915307,16702.18298318217,16997.453932364075,172091.88235094375,0.0,64.32601497085001,0.0,0.17645366202079504,0.0,False,True,False
main,deterministic,deterministic,2025-07-01,37,True,True,0,,,0.7,20.0,optimal,1.6988356000001659,1.6988366999994469,0.0,0,0,15866.124294733403,295.2709491819041,16161.395243915307,16639.841957332217,16935.11290651412,171770.68731483922,0.0,45.88413422423016,0.0,0.10187803926589489,0.0,False,True,False
main,deterministic,deterministic,2025-07-01,38,True,True,0,,,0.7,20.0,optimal,1.6988356000001659,1.6988366999994469,0.0,0,0,15866.124294733403,295.2709491819041,16161.395243915307,16705.212400344684,17000.48334952659,171433.95125439917,0.12667671155113275,50.20455530943308,0.0,0.10925362926795446,0.0,False,True,False
main,deterministic,deterministic,2025-07-01,39,True,True,0,,,0.7,20.0,optimal,1.6988356000001659,1.6988366999994469,0.0,0,0,15866.124294733403,295.2709491819041,16161.395243915307,16772.52622813088,17067.797177312783,172069.44702697717,0.0,47.23139070564928,0.0,0.1124792195203439,0.0,False,True,False
main,deterministic,deterministic,2025-07-01,40,True,True,0,,,0.7,20.0,optimal,1.6988356000001659,1.6988366999994469,0.0,0,0,15866.124294733403,295.2709491819041,16161.395243915307,16730.219885432423,17025.490834614327,171592.5995367119,0.3007936880423227,51.41289737211769,0.0,0.10862265747307265,0.0,False,True,False
main,deterministic,deterministic,2025-07-01,41,True,True,0,,,0.7,20.0,optimal,1.6988356000001659,1.6988366999994469,0.0,0,0,15866.124294733403,295.2709491819041,16161.395243915307,16682.966287052932,16978.237236234836,171698.31159949483,0.0,42.04605992232854,0.0,0.10494194284999825,0.0,False,True,False
main,deterministic,deterministic,2025-07-01,42,True,True,0,,,0.7,20.0,optimal,1.6988356000001659,1.6988366999994469,0.0,0,0,15866.124294733403,295.2709491819041,16161.395243915307,16837.313071392273,17132.584020574177,171387.05131390216,0.23825687449358252,59.76719334905014,0.0,0.06479010137003205,0.0,False,True,False
main,deterministic,deterministic,2025-07-01,43,True,True,0,,,0.7,20.0,optimal,1.6988356000001659,1.6988366999994469,0.0,0,0,15866.124294733403,295.2709491819041,16161.395243915307,16636.84052254916,16932.111471731063,171633.40476273646,0.12747941505059557,51.91571682325182,0.0,0.13005647805695975,0.0,False,True,False
main,deterministic,deterministic,2025-07-01,44,True,True,0,,,0.7,20.0,optimal,1.6988356000001659,1.6988366999994469,0.0,0,0,15866.124294733403,295.2709491819041,16161.395243915307,16760.92360063793,17056.194549819833,172201.44701209042,0.0,55.288434534891536,0.0,0.13005647805695975,0.0,False,True,False
main,deterministic,deterministic,2025-07-01,45,True,True,0,,,0.7,20.0,optimal,1.6988356000001659,1.6988366999994469,0.0,0,0,15866.124294733403,295.2709491819041,16161.395243915307,16707.55291618714,17002.823865369046,171797.58496131498,0.30439060695217474,61.55363839290158,0.0,0.1124792195203439,0.0,False,True,False
main,deterministic,deterministic,2025-07-01,46,True,True,0,,,0.7,20.0,optimal,1.6988356000001659,1.6988366999994469,0.0,0,0,15866.124294733403,295.2709491819041,16161.395243915307,16861.631520144656,17156.90246932656,171728.76222482472,0.0,57.26588674327324,0.0,0.07849024624796441,0.0,False,True,False
main,deterministic,deterministic,2025-07-01,47,True,True,0,,,0.7,20.0,optimal,1.6988356000001659,1.6988366999994469,0.0,0,0,15866.124294733403,295.2709491819041,16161.395243915307,16849.671131646464,17144.94208082837,172012.87462649654,0.47056976512381793,57.584328576325895,0.0,0.12622485031846797,0.0,False,True,False
main,deterministic,deterministic,2025-07-01,48,True,True,0,,,0.7,20.0,optimal,1.6988356000001659,1.6988366999994469,0.0,0,0,15866.124294733403,295.2709491819041,16161.395243915307,16653.22713857004,16948.498087751945,171822.21547564794,0.006706776112163582,54.89416160039464,0.0,0.13459683869972183,0.0,False,True,False
main,deterministic,deterministic,2025-07-01,49,True,True,0,,,0.7,20.0,optimal,1.6988356000001659,1.6988366999994469,0.0,0,0,15866.124294733403,295.2709491819041,16161.395243915307,16718.685178621323,17013.956127803227,172008.11783135813,0.24593795316712125,61.04412458366988,0.0,0.11594076991352908,0.0,False,True,False
main,deterministic,deterministic,2025-07-01,50,True,True,0,,,0.7,20.0,optimal,1.6988356000001659,1.6988366999994469,0.0,0,0,15866.124294733403,295.2709491819041,16161.395243915307,16645.205622074725,16940.47657125663,171571.80543807766,0.1008271721952978,63.116321740820936,0.0,0.17997773137742867,0.0,False,True,False
main,deterministic,deterministic,2025-07-01,51,True,True,0,,,0.7,20.0,optimal,1.6988356000001659,1.6988366999994469,0.0,0,0,15866.124294733403,295.2709491819041,16161.395243915307,16699.186009233807,16994.45695841571,171487.00837999064,0.0,57.183166698453675,0.0,0.08810463946957992,0.0,False,True,False
main,deterministic,deterministic,2025-07-01,52,True,True,0,,,0.7,20.0,optimal,1.6988356000001659,1.6988366999994469,0.0,0,0,15866.124294733403,295.2709491819041,16161.395243915307,16737.138852633077,17032.40980181498,171826.46770478674,0.19074801636188982,61.01609837498276,0.0,0.18188475137439286,0.0,False,True,False
main,deterministic,deterministic,2025-07-01,53,True,True,0,,,0.7,20.0,optimal,1.6988356000001659,1.6988366999994469,0.0,0,0,15866.124294733403,295.2709491819041,16161.395243915307,16859.447048385067,17154.71799756697,172228.60157025247,0.0,48.98712471303834,0.0,0.04286029072860287,0.0,False,True,False
main,deterministic,deterministic,2025-07-01,54,True,True,0,,,0.7,20.0,optimal,1.6988356000001659,1.6988366999994469,0.0,0,0,15866.124294733403,295.2709491819041,16161.395243915307,16904.182120096342,17199.453069278246,171859.50101797903,0.0,55.280062522848596,0.0,0.13005647805695975,0.0,False,True,False
main,deterministic,deterministic,2025-07-01,55,True,True,0,,,0.7,20.0,optimal,1.6988356000001659,1.6988366999994469,0.0,0,0,15866.124294733403,295.2709491819041,16161.395243915307,16679.090859353404,16974.36180853531,171583.8400033257,0.0,60.130464193690415,0.0,0.059583920507585875,0.0,False,True,False
main,deterministic,deterministic,2025-07-01,56,True,True,0,,,0.7,20.0,optimal,1.6988356000001659,1.6988366999994469,0.0,0,0,15866.124294733403,295.2709491819041,16161.395243915307,16710.141838973275,17005.41278815518,171894.05854921378,0.0,45.73449646110323,0.0,0.13866480900881561,0.0,False,True,False
main,deterministic,deterministic,2025-07-01,57,True,True,0,,,0.7,20.0,optimal,1.6988356000001659,1.6988366999994469,0.0,0,0,15866.124294733403,295.2709491819041,16161.395243915307,16735.103270959316,17030.37422014122,171987.65026154867,0.4728238515063176,54.58632400949953,0.0,0.1124792195203439,0.0,False,True,False
main,deterministic,deterministic,2025-07-01,58,True,True,0,,,0.7,20.0,optimal,1.6988356000001659,1.6988366999994469,0.0,0,0,15866.124294733403,295.2709491819041,16161.395243915307,16667.774245033983,16963.045194215887,171687.56378360456,0.0,61.35077270109154,0.0,0.14613766804137396,0.0,False,True,False
main,deterministic,deterministic,2025-07-01,59,True,True,0,,,0.7,20.0,optimal,1.6988356000001659,1.6988366999994469,0.0,0,0,15866.124294733403,295.2709491819041,16161.395243915307,16690.254209457282,16985.525158639186,171707.21897472747,0.0,59.99554742634704,0.0,0.11870314511105318,0.0,False,True,False
main,deterministic,deterministic,2025-07-01,60,True,True,0,,,0.7,20.0,optimal,1.6988356000001659,1.6988366999994469,0.0,0,0,15866.124294733403,295.2709491819041,16161.395243915307,16691.79848626993,16987.069435451835,171875.28480613258,0.10551450886891467,56.457037671674385,0.0,0.13689601106081484,0.0,False,True,False
main,deterministic,deterministic,2025-07-01,61,True,True,0,,,0.7,20.0,optimal,1.6988356000001659,1.6988366999994469,0.0,0,0,15866.124294733403,295.2709491819041,16161.395243915307,16713.67227958477,17008.943228766675,171736.9810834808,0.0,43.84249297670648,0.0,0.14486004602242608,0.0,False,True,False
main,deterministic,deterministic,2025-07-01,62,True,True,0,,,0.7,20.0,optimal,1.6988356000001659,1.6988366999994469,0.0,0,0,15866.124294733403,295.2709491819041,16161.395243915307,16721.474729138856,17016.74567832076,171723.27116867036,0.0,60.7549830549976,0.0,0.06894409783172617,0.0,False,True,False
main,deterministic,deterministic,2025-07-01,63,True,True,0,,,0.7,20.0,optimal,1.6988356000001659,1.6988366999994469,0.0,0,0,15866.124294733403,295.2709491819041,16161.395243915307,16786.63508705068,17081.906036232584,171554.32545953838,0.41292027773922585,65.2650056168758,0.0,0.10128475912917989,0.0,False,True,False
main,deterministic,deterministic,2025-07-01,64,True,True,0,,,0.7,20.0,optimal,1.6988356000001659,1.6988366999994469,0.0,0,0,15866.124294733403,295.2709491819041,16161.395243915307,16692.477179991118,16987.748129173022,171450.08043582656,0.18167745675565322,53.76432801306627,0.0,0.12418218374894341,0.0,False,True,False
main,deterministic,deterministic,2025-07-01,65,True,True,0,,,0.7,20.0,optimal,1.6988356000001659,1.6988366999994469,0.0,0,0,15866.124294733403,295.2709491819041,16161.395243915307,16829.737149240165,17125.00809842207,171602.67862997515,0.0,54.97490848996655,0.0,0.08258882407833901,0.0,False,True,False
main,deterministic,deterministic,2025-07-01,66,True,True,0,,,0.7,20.0,optimal,1.6988356000001659,1.6988366999994469,0.0,0,0,15866.124294733403,295.2709491819041,16161.395243915307,16692.439295061962,16987.710244243866,171672.69745107938,0.37462454406867834,66.21457301550952,0.0,0.0823781572534723,0.0,False,True,False
main,deterministic,deterministic,2025-07-01,67,True,True,0,,,0.7,20.0,optimal,1.6988356000001659,1.6988366999994469,0.0,0,0,15866.124294733403,295.2709491819041,16161.395243915307,16674.402312120998,16969.6732613029,172149.96783198547,0.0,51.72871220497853,0.0,0.13005647805695975,0.0,False,True,False
main,deterministic,deterministic,2025-07-01,68,True,True,0,,,0.7,20.0,optimal,1.6988356000001659,1.6988366999994469,0.0,0,0,15866.124294733403,295.2709491819041,16161.395243915307,16709.172407829203,17004.443357011107,171571.2563146286,0.4421656726531909,57.074316994750596,0.0,0.12182988492756075,0.0,False,True,False
main,deterministic,deterministic,2025-07-01,69,True,True,0,,,0.7,20.0,optimal,1.6988356000001659,1.6988366999994469,0.0,0,0,15866.124294733403,295.2709491819041,16161.395243915307,16877.21111586445,17172.482065046355,171347.3221696622,0.0,58.25418323605443,0.0,0.11594076991352908,0.0,False,True,False
main,deterministic,deterministic,2025-07-01,70,True,True,0,,,0.7,20.0,optimal,1.6988356000001659,1.6988366999994469,0.0,0,0,15866.124294733403,295.2709491819041,16161.395243915307,16680.862355602996,16976.1333047849,171692.49682744002,0.0,60.276017535946394,0.0,0.13005647805695975,0.0,False,True,False
main,deterministic,deterministic,2025-07-01,71,True,True,0,,,0.7,20.0,optimal,1.6988356000001659,1.6988366999994469,0.0,0,0,15866.124294733403,295.2709491819041,16161.395243915307,16652.382507439863,16947.653456621767,171625.00734017912,0.0,66.86160128591115,0.0,0.05808246650004145,0.0,False,True,False
main,deterministic,deterministic,2025-07-01,72,True,True,0,,,0.7,20.0,optimal,1.6988356000001659,1.6988366999994469,0.0,0,0,15866.124294733403,295.2709491819041,16161.395243915307,16697.86048267534,16993.131431857244,170898.48111670808,0.0,63.458086782343145,0.0,0.11594076991352908,0.0,False,True,False
main,deterministic,deterministic,2025-07-01,73,True,True,0,,,0.7,20.0,optimal,1.6988356000001659,1.6988366999994469,0.0,0,0,15866.124294733403,295.2709491819041,16161.395243915307,16655.73149057031,16951.002439752214,171528.91457659137,0.0,57.889974214469774,0.0,0.16024923241620082,0.0,False,True,False
main,deterministic,deterministic,2025-07-01,74,True,True,0,,,0.7,20.0,optimal,1.6988356000001659,1.6988366999994469,0.0,0,0,15866.124294733403,295.2709491819041,16161.395243915307,16774.596725369614,17069.86767455152,172424.0578233955,0.45465717105881237,58.299509952368965,0.0,0.06315732154044107,0.0,False,True,False
main,deterministic,deterministic,2025-07-01,75,True,True,0,,,0.7,20.0,optimal,1.6988356000001659,1.6988366999994469,0.0,0,0,15866.124294733403,295.2709491819041,16161.395243915307,16718.134986712434,17013.405935894338,172029.97345473248,0.39007358401948894,57.306883333617186,0.0,0.1428372711663488,0.0,False,True,False
main,deterministic,deterministic,2025-07-01,76,True,True,0,,,0.7,20.0,optimal,1.6988356000001659,1.6988366999994469,0.0,0,0,15866.124294733403,295.2709491819041,16161.395243915307,16750.59365787521,17045.864607057116,171388.14402492007,0.41600722211169433,56.90429688930116,0.0,0.059583920507585875,0.0,False,True,False
main,deterministic,deterministic,2025-07-01,77,True,True,0,,,0.7,20.0,optimal,1.6988356000001659,1.6988366999994469,0.0,0,0,15866.124294733403,295.2709491819041,16161.395243915307,16792.47051533857,17087.741464520474,171066.3745806593,0.0,54.25384972631022,0.0,0.08020062038298481,0.0,False,True,False
main,deterministic,deterministic,2025-07-01,78,True,True,0,,,0.7,20.0,optimal,1.6988356000001659,1.6988366999994469,0.0,0,0,15866.124294733403,295.2709491819041,16161.395243915307,16652.74265442771,16948.013603609616,171645.6704658219,0.10918969237158094,58.562317628792094,0.0,0.1427530980842724,0.0,False,True,False
main,deterministic,deterministic,2025-07-01,79,True,True,0,,,0.7,20.0,optimal,1.6988356000001659,1.6988366999994469,0.0,0,0,15866.124294733403,295.2709491819041,16161.395243915307,16771.115200255175,17066.38614943708,171641.35509654388,0.0,53.87794823402318,0.0,0.11551095409369383,0.0,False,True,False
main,deterministic,deterministic,2025-07-01,80,True,True,0,,,0.7,20.0,optimal,1.6988356000001659,1.6988366999994469,0.0,0,0,15866.124294733403,295.2709491819041,16161.395243915307,16727.67819813708,17022.949147318985,171428.9158704937,0.06928236219652378,56.107224966581974,0.0,0.11241040408820502,0.0,False,True,False
main,deterministic,deterministic,2025-07-01,81,True,True,0,,,0.7,20.0,optimal,1.6988356000001659,1.6988366999994469,0.0,0,0,15866.124294733403,295.2709491819041,16161.395243915307,16669.6143833936,16964.885332575504,171524.18178145692,0.0,65.83646614477692,0.0,0.10694837882595465,0.0,False,True,False
main,deterministic,deterministic,2025-07-01,82,True,True,0,,,0.7,20.0,optimal,1.6988356000001659,1.6988366999994469,0.0,0,0,15866.124294733403,295.2709491819041,16161.395243915307,16690.381216488113,16985.652165670017,172130.93081192038,0.11086669882736988,45.881170025981476,0.0,0.12979068651634496,0.0,False,True,False
main,deterministic,deterministic,2025-07-01,83,True,True,0,,,0.7,20.0,optimal,1.6988356000001659,1.6988366999994469,0.0,0,0,15866.124294733403,295.2709491819041,16161.395243915307,16713.55754611443,17008.828495296333,171367.442132795,0.0,55.659074704931705,0.0,0.13196286044689187,0.0,False,True,False
main,deterministic,deterministic,2025-07-01,84,True,True,0,,,0.7,20.0,optimal,1.6988356000001659,1.6988366999994469,0.0,0,0,15866.124294733403,295.2709491819041,16161.395243915307,16694.39979390045,16989.670743082355,171426.29320872854,0.0,54.19342935498336,0.0,0.14896416466316498,0.0,False,True,False
main,deterministic,deterministic,2025-07-01,85,True,True,0,,,0.7,20.0,optimal,1.6988356000001659,1.6988366999994469,0.0,0,0,15866.124294733403,295.2709491819041,16161.395243915307,16704.793804386205,17000.06475356811,171275.1375121508,0.09466581484134506,65.47802096263445,0.0,0.06789197894005161,0.0,False,True,False
main,deterministic,deterministic,2025-07-01,86,True,True,0,,,0.7,20.0,optimal,1.6988356000001659,1.6988366999994469,0.0,0,0,15866.124294733403,295.2709491819041,16161.395243915307,16776.428269756198,17071.6992189381,171700.57070710932,0.0,50.271430813036055,0.0,0.08776291102408296,0.0,False,True,False
main,deterministic,deterministic,2025-07-01,87,True,True,0,,,0.7,20.0,optimal,1.6988356000001659,1.6988366999994469,0.0,0,0,15866.124294733403,295.2709491819041,16161.395243915307,16747.62551934652,17042.896468528423,171656.74223932275,0.5914247441167388,55.703758180613754,0.0,0.12979068651634496,0.0,False,True,False
main,deterministic,deterministic,2025-07-01,88,True,True,0,,,0.7,20.0,optimal,1.6988356000001659,1.6988366999994469,0.0,0,0,15866.124294733403,295.2709491819041,16161.395243915307,16742.631618128995,17037.9025673109,171401.55568658377,0.09336467633168954,64.11245836596761,0.0,0.16889232562799172,0.0,False,True,False
main,deterministic,deterministic,2025-07-01,89,True,True,0,,,0.7,20.0,optimal,1.6988356000001659,1.6988366999994469,0.0,0,0,15866.124294733403,295.2709491819041,16161.395243915307,16738.96259540867,17034.233544590574,171447.17905077492,0.0,56.361487311585705,0.0,0.13005647805695975,0.0,False,True,False
main,deterministic,deterministic,2025-07-01,90,True,True,0,,,0.7,20.0,optimal,1.6988356000001659,1.6988366999994469,0.0,0,0,15866.124294733403,295.2709491819041,16161.395243915307,16732.304858429005,17027.57580761091,172002.5315187648,0.45643712977593043,59.64955640014843,0.0,0.13005647805695975,0.0,False,True,False
main,deterministic,deterministic,2025-07-01,91,True,True,0,,,0.7,20.0,optimal,1.6988356000001659,1.6988366999994469,0.0,0,0,15866.124294733403,295.2709491819041,16161.395243915307,16660.03882940353,16955.309778585433,171502.87260342436,0.0,54.72661005304443,0.0,0.059583920507585875,0.0,False,True,False
main,deterministic,deterministic,2025-07-01,92,True,True,0,,,0.7,20.0,optimal,1.6988356000001659,1.6988366999994469,0.0,0,0,15866.124294733403,295.2709491819041,16161.395243915307,16733.70451790681,17028.975467088716,171876.2196146216,0.0,45.558399125471745,0.0,0.06944920232023377,0.0,False,True,False
main,deterministic,deterministic,2025-07-01,93,True,True,0,,,0.7,20.0,optimal,1.6988356000001659,1.6988366999994469,0.0,0,0,15866.124294733403,295.2709491819041,16161.395243915307,16729.29867403083,17024.569623212734,171787.74384749646,0.40047485168531843,57.06004146512328,0.0,0.16989082934994681,0.0,False,True,False
main,deterministic,deterministic,2025-07-01,94,True,True,0,,,0.7,20.0,optimal,1.6988356000001659,1.6988366999994469,0.0,0,0,15866.124294733403,295.2709491819041,16161.395243915307,16718.242573375686,17013.51352255759,171333.85744313363,0.0,52.29135166662448,0.0,0.13005647805695975,0.0,False,True,False
main,deterministic,deterministic,2025-07-01,95,True,True,0,,,0.7,20.0,optimal,1.6988356000001659,1.6988366999994469,0.0,0,0,15866.124294733403,295.2709491819041,16161.395243915307,16724.562599203633,17019.833548385537,172303.95994938782,0.0,57.348790835612064,0.0,0.14578813474449093,0.0,False,True,False
main,deterministic,deterministic,2025-07-01,96,True,True,0,,,0.7,20.0,optimal,1.6988356000001659,1.6988366999994469,0.0,0,0,15866.124294733403,295.2709491819041,16161.395243915307,16760.39468897116,17055.665638153063,171730.58310562503,0.0,54.323699000428405,0.0,0.12919304214101346,0.0,False,True,False
main,deterministic,deterministic,2025-07-01,97,True,True,0,,,0.7,20.0,optimal,1.6988356000001659,1.6988366999994469,0.0,0,0,15866.124294733403,295.2709491819041,16161.395243915307,16704.925977994113,17000.196927176017,171645.73424136042,0.10664494223339371,54.17865835993107,0.0,0.07126348956431117,0.0,False,True,False
main,deterministic,deterministic,2025-07-01,98,True,True,0,,,0.7,20.0,optimal,1.6988356000001659,1.6988366999994469,0.0,0,0,15866.124294733403,295.2709491819041,16161.395243915307,16693.28004261158,16988.550991793483,171867.02360763657,0.0,46.58772607383771,0.0,0.14574724553759144,0.0,False,True,False
main,deterministic,deterministic,2025-07-01,99,True,True,0,,,0.7,20.0,optimal,1.6988356000001659,1.6988366999994469,0.0,0,0,15866.124294733403,295.2709491819041,16161.395243915307,16650.200975137777,16945.47192431968,171799.44689175743,0.0,58.160765014327,0.0,0.13005647805695975,0.0,False,True,False
main,deterministic,deterministic,2025-10-01,0,True,True,0,,,0.7,20.0,optimal,1.7002788999998302,1.7002798000012262,0.0,0,0,16326.629510824734,522.393937179233,16849.023448003965,16375.428155705282,16897.822092884515,173778.5578523816,0.29375033766284275,52.15333637790537,0.0,0.18862859858393954,0.0,False,True,False
main,deterministic,deterministic,2025-10-01,1,True,True,0,,,0.7,20.0,optimal,1.7002788999998302,1.7002798000012262,0.0,0,0,16326.629510824734,522.393937179233,16849.023448003965,16443.93067134386,16966.324608523093,173302.17354111912,0.1365514656882203,63.09750453194238,0.0,0.0867343573807502,0.0,False,True,False
main,deterministic,deterministic,2025-10-01,2,True,True,0,,,0.7,20.0,optimal,1.7002788999998302,1.7002798000012262,0.0,0,0,16326.629510824734,522.393937179233,16849.023448003965,16362.947361109018,16885.34129828825,173451.66056521682,0.0,47.34259157985503,0.0,0.080393190637851,0.0,False,True,False
main,deterministic,deterministic,2025-10-01,3,True,True,0,,,0.7,20.0,optimal,1.7002788999998302,1.7002798000012262,0.0,0,0,16326.629510824734,522.393937179233,16849.023448003965,16420.980464780103,16943.374401959336,173679.36388463053,0.0,55.93848889950058,0.0,0.17956275948648814,0.0,False,True,False
main,deterministic,deterministic,2025-10-01,4,True,True,0,,,0.7,20.0,optimal,1.7002788999998302,1.7002798000012262,0.0,0,0,16326.629510824734,522.393937179233,16849.023448003965,16408.21438948626,16930.608326665493,174119.11941419338,0.24378826621898386,47.506573020651096,0.0,0.10832409560332446,0.0,False,True,False
main,deterministic,deterministic,2025-10-01,5,True,True,0,,,0.7,20.0,optimal,1.7002788999998302,1.7002798000012262,0.0,0,0,16326.629510824734,522.393937179233,16849.023448003965,16421.45126266349,16943.845199842723,173625.0685689579,0.0,57.29388012690125,0.0,0.08573714153769063,0.0,False,True,False
main,deterministic,deterministic,2025-10-01,6,True,True,0,,,0.7,20.0,optimal,1.7002788999998302,1.7002798000012262,0.0,0,0,16326.629510824734,522.393937179233,16849.023448003965,16490.29660403909,17012.690541218322,174174.36509407737,0.0,47.45667648889433,0.0,0.08344388823531124,0.0,False,True,False
main,deterministic,deterministic,2025-10-01,7,True,True,0,,,0.7,20.0,optimal,1.7002788999998302,1.7002798000012262,0.0,0,0,16326.629510824734,522.393937179233,16849.023448003965,16440.33914321021,16962.733080389444,173884.59700112723,0.0,52.09476162066334,0.0,0.08719185603998625,0.0,False,True,False
main,deterministic,deterministic,2025-10-01,8,True,True,0,,,0.7,20.0,optimal,1.7002788999998302,1.7002798000012262,0.0,0,0,16326.629510824734,522.393937179233,16849.023448003965,16332.429800091904,16854.823737271137,173184.10307998836,0.28114074892765495,48.92488084835353,0.0,0.13976949170050013,0.0,False,True,False
main,deterministic,deterministic,2025-10-01,9,True,True,0,,,0.7,20.0,optimal,1.7002788999998302,1.7002798000012262,0.0,0,0,16326.629510824734,522.393937179233,16849.023448003965,16449.652256533085,16972.04619371232,173603.84513996783,0.07411233936679129,60.782386543960634,0.0,0.1312641501225409,0.0,False,True,False
main,deterministic,deterministic,2025-10-01,10,True,True,0,,,0.7,20.0,optimal,1.7002788999998302,1.7002798000012262,0.0,0,0,16326.629510824734,522.393937179233,16849.023448003965,16397.470205080244,16919.864142259477,173630.23557243514,0.0,53.22920591984441,0.0,0.04058546906683791,0.0,False,True,False
main,deterministic,deterministic,2025-10-01,11,True,True,0,,,0.7,20.0,optimal,1.7002788999998302,1.7002798000012262,0.0,0,0,16326.629510824734,522.393937179233,16849.023448003965,16426.811590283458,16949.20552746269,174163.013198725,0.09437236293373208,47.442835706199574,0.0,0.19420692300957998,0.0,False,True,False
main,deterministic,deterministic,2025-10-01,12,True,True,0,,,0.7,20.0,optimal,1.7002788999998302,1.7002798000012262,0.0,0,0,16326.629510824734,522.393937179233,16849.023448003965,16375.591515812306,16897.98545299154,173253.0668388335,0.046293026695202855,47.83233340716232,0.0,0.10344483745095245,0.0,False,True,False
main,deterministic,deterministic,2025-10-01,13,True,True,0,,,0.7,20.0,optimal,1.7002788999998302,1.7002798000012262,0.0,0,0,16326.629510824734,522.393937179233,16849.023448003965,16415.45103412868,16937.844971307914,173060.68582463273,0.0,53.09132334309526,0.0,0.08534519948014485,0.0,False,True,False
main,deterministic,deterministic,2025-10-01,14,True,True,0,,,0.7,20.0,optimal,1.7002788999998302,1.7002798000012262,0.0,0,0,16326.629510824734,522.393937179233,16849.023448003965,16472.758840913095,16995.152778092328,174349.77127638322,0.0,50.830766052862934,0.0,0.1432781189579042,0.0,False,True,False
main,deterministic,deterministic,2025-10-01,15,True,True,0,,,0.7,20.0,optimal,1.7002788999998302,1.7002798000012262,0.0,0,0,16326.629510824734,522.393937179233,16849.023448003965,16456.96369817006,16979.357635349294,173796.31335436567,0.0,44.941111704443884,0.0,0.17848615204110407,0.0,False,True,False
main,deterministic,deterministic,2025-10-01,16,True,True,0,,,0.7,20.0,optimal,1.7002788999998302,1.7002798000012262,0.0,0,0,16326.629510824734,522.393937179233,16849.023448003965,16445.607979842185,16968.00191702142,174457.45245850703,0.0,47.95609025783597,0.0,0.09655978286771405,0.0,False,True,False
main,deterministic,deterministic,2025-10-01,17,True,True,0,,,0.7,20.0,optimal,1.7002788999998302,1.7002798000012262,0.0,0,0,16326.629510824734,522.393937179233,16849.023448003965,16455.02106154782,16977.414998727054,173838.24637837196,0.0,59.79450255534991,0.0,0.18728932974968293,0.0,False,True,False
main,deterministic,deterministic,2025-10-01,18,True,True,0,,,0.7,20.0,optimal,1.7002788999998302,1.7002798000012262,0.0,0,0,16326.629510824734,522.393937179233,16849.023448003965,16443.269204612305,16965.663141791538,173520.66352569268,0.0,54.255557054297014,0.0,0.08621791814879054,0.0,False,True,False
main,deterministic,deterministic,2025-10-01,19,True,True,0,,,0.7,20.0,optimal,1.7002788999998302,1.7002798000012262,0.0,0,0,16326.629510824734,522.393937179233,16849.023448003965,16386.012880787774,16908.406817967007,173532.99273136075,0.10209249939068044,52.63207229154721,0.0,0.07916190329947503,0.0,False,True,False
main,deterministic,deterministic,2025-10-01,20,True,True,0,,,0.7,20.0,optimal,1.7002788999998302,1.7002798000012262,0.0,0,0,16326.629510824734,522.393937179233,16849.023448003965,16392.65316793906,16915.047105118294,174331.32625636779,0.0,48.904281201336616,0.0,0.15491054122326142,0.0,False,True,False
main,deterministic,deterministic,2025-10-01,21,True,True,0,,,0.7,20.0,optimal,1.7002788999998302,1.7002798000012262,0.0,0,0,16326.629510824734,522.393937179233,16849.023448003965,16398.09507627658,16920.48901345581,173597.76314770817,0.0,47.135391288447536,0.0,0.04481145778602369,0.0,False,True,False
main,deterministic,deterministic,2025-10-01,22,True,True,0,,,0.7,20.0,optimal,1.7002788999998302,1.7002798000012262,0.0,0,0,16326.629510824734,522.393937179233,16849.023448003965,16412.76826749283,16935.162204672062,173767.7329804544,0.0,50.51376561715227,0.0,0.09047162240523554,0.0,False,True,False
main,deterministic,deterministic,2025-10-01,23,True,True,0,,,0.7,20.0,optimal,1.7002788999998302,1.7002798000012262,0.0,0,0,16326.629510824734,522.393937179233,16849.023448003965,16502.05174530291,17024.445682482143,173920.46424740797,0.0,50.549899604237844,0.0,0.08849969553826131,0.0,False,True,False
main,deterministic,deterministic,2025-10-01,24,True,True,0,,,0.7,20.0,optimal,1.7002788999998302,1.7002798000012262,0.0,0,0,16326.629510824734,522.393937179233,16849.023448003965,16459.30250237435,16981.696439553583,173765.5874331849,0.0,56.22330053317945,0.0,0.07498169801665311,0.0,False,True,False
main,deterministic,deterministic,2025-10-01,25,True,True,0,,,0.7,20.0,optimal,1.7002788999998302,1.7002798000012262,0.0,0,0,16326.629510824734,522.393937179233,16849.023448003965,16413.007461483427,16935.40139866266,174012.32533966814,0.0,45.783477537985874,0.0,0.06762705486315546,0.0,False,True,False
main,deterministic,deterministic,2025-10-01,26,True,True,0,,,0.7,20.0,optimal,1.7002788999998302,1.7002798000012262,0.0,0,0,16326.629510824734,522.393937179233,16849.023448003965,16431.748101715035,16954.142038894268,173688.5293390319,0.0,57.55738391931258,0.0,0.08104064917470821,0.0,False,True,False
main,deterministic,deterministic,2025-10-01,27,True,True,0,,,0.7,20.0,optimal,1.7002788999998302,1.7002798000012262,0.0,0,0,16326.629510824734,522.393937179233,16849.023448003965,16436.102320110218,16958.49625728945,173966.67157679796,0.03431607223295652,54.88848774372524,0.0,0.1405339661085656,0.0,False,True,False
main,deterministic,deterministic,2025-10-01,28,True,True,0,,,0.7,20.0,optimal,1.7002788999998302,1.7002798000012262,0.0,0,0,16326.629510824734,522.393937179233,16849.023448003965,16456.163537996305,16978.557475175538,174240.6782367261,0.0,41.80348206076015,0.0,0.05243622244927515,0.0,False,True,False
main,deterministic,deterministic,2025-10-01,29,True,True,0,,,0.7,20.0,optimal,1.7002788999998302,1.7002798000012262,0.0,0,0,16326.629510824734,522.393937179233,16849.023448003965,16408.316305382992,16930.710242562225,173660.21257282444,0.0,41.382060025589816,0.0,0.18049765574462162,0.0,False,True,False
main,deterministic,deterministic,2025-10-01,30,True,True,0,,,0.7,20.0,optimal,1.7002788999998302,1.7002798000012262,0.0,0,0,16326.629510824734,522.393937179233,16849.023448003965,16310.034695434562,16832.428632613795,173177.22463477158,0.27487700112665014,47.35884977693049,0.0,0.12047486952903741,0.0,False,True,False
main,deterministic,deterministic,2025-10-01,31,True,True,0,,,0.7,20.0,optimal,1.7002788999998302,1.7002798000012262,0.0,0,0,16326.629510824734,522.393937179233,16849.023448003965,16368.324533723133,16890.718470902364,173563.99088481462,0.0,50.20951513017734,0.0,0.080393190637851,0.0,False,True,False
main,deterministic,deterministic,2025-10-01,32,True,True,0,,,0.7,20.0,optimal,1.7002788999998302,1.7002798000012262,0.0,0,0,16326.629510824734,522.393937179233,16849.023448003965,16447.304564847123,16969.698502026356,174120.7181655403,0.07721331163533884,53.86934252268821,0.0,0.2028807974103577,0.0,False,True,False
main,deterministic,deterministic,2025-10-01,33,True,True,0,,,0.7,20.0,optimal,1.7002788999998302,1.7002798000012262,0.0,0,0,16326.629510824734,522.393937179233,16849.023448003965,16454.406315452812,16976.800252632045,173399.46716448487,0.08089283738178166,62.574896929676505,0.0,0.08414086864194692,0.0,False,True,False
main,deterministic,deterministic,2025-10-01,34,True,True,0,,,0.7,20.0,optimal,1.7002788999998302,1.7002798000012262,0.0,0,0,16326.629510824734,522.393937179233,16849.023448003965,16441.07586052395,16963.469797703183,173621.7872136098,0.23368231910477122,53.06381279115264,0.0,0.14744883932827868,0.0,False,True,False
main,deterministic,deterministic,2025-10-01,35,True,True,0,,,0.7,20.0,optimal,1.7002788999998302,1.7002798000012262,0.0,0,0,16326.629510824734,522.393937179233,16849.023448003965,16447.01796062104,16969.411897800273,173836.67842853843,0.0,55.36612022430997,0.0,0.2028807974103577,0.0,False,True,False
main,deterministic,deterministic,2025-10-01,36,True,True,0,,,0.7,20.0,optimal,1.7002788999998302,1.7002798000012262,0.0,0,0,16326.629510824734,522.393937179233,16849.023448003965,16514.485572143014,17036.879509322247,174406.54540519303,0.0,57.626479951737224,0.0,0.2028807974103577,0.0,False,True,False
main,deterministic,deterministic,2025-10-01,37,True,True,0,,,0.7,20.0,optimal,1.7002788999998302,1.7002798000012262,0.0,0,0,16326.629510824734,522.393937179233,16849.023448003965,16398.55721333968,16920.951150518915,173910.73826889892,0.17364663581062678,43.52797985145817,0.0,0.1789112098151846,0.0,False,True,False
main,deterministic,deterministic,2025-10-01,38,True,True,0,,,0.7,20.0,optimal,1.7002788999998302,1.7002798000012262,0.0,0,0,16326.629510824734,522.393937179233,16849.023448003965,16404.470109191967,16926.8640463712,173856.78470518364,0.0,49.73750099773803,0.0,0.10526360480839392,0.0,False,True,False
main,deterministic,deterministic,2025-10-01,39,True,True,0,,,0.7,20.0,optimal,1.7002788999998302,1.7002798000012262,0.0,0,0,16326.629510824734,522.393937179233,16849.023448003965,16440.312280640133,16962.706217819366,173937.87404019135,0.0,41.966383630958305,0.0,0.18760498454395513,0.0,False,True,False
main,deterministic,deterministic,2025-10-01,40,True,True,0,,,0.7,20.0,optimal,1.7002788999998302,1.7002798000012262,0.0,0,0,16326.629510824734,522.393937179233,16849.023448003965,16473.441978768384,16995.835915947617,173995.55801187363,0.0,45.355754358737734,0.0,0.080393190637851,0.0,False,True,False
main,deterministic,deterministic,2025-10-01,41,True,True,0,,,0.7,20.0,optimal,1.7002788999998302,1.7002798000012262,0.0,0,0,16326.629510824734,522.393937179233,16849.023448003965,16376.219733243297,16898.61367042253,173539.40611717952,0.19356274988903333,39.582608926168305,0.0,0.05024245074873601,0.0,False,True,False
main,deterministic,deterministic,2025-10-01,42,True,True,0,,,0.7,20.0,optimal,1.7002788999998302,1.7002798000012262,0.0,0,0,16326.629510824734,522.393937179233,16849.023448003965,16485.743222663248,17008.13715984248,173776.50434469103,0.0,53.274671179201846,0.0,0.2028807974103577,0.0,False,True,False
main,deterministic,deterministic,2025-10-01,43,True,True,0,,,0.7,20.0,optimal,1.7002788999998302,1.7002798000012262,0.0,0,0,16326.629510824734,522.393937179233,16849.023448003965,16333.478243774964,16855.872180954197,173167.00551348,0.0,52.54913218187674,0.0,0.04440723361941834,0.0,False,True,False
main,deterministic,deterministic,2025-10-01,44,True,True,0,,,0.7,20.0,optimal,1.7002788999998302,1.7002798000012262,0.0,0,0,16326.629510824734,522.393937179233,16849.023448003965,16420.277221643166,16942.6711588224,174046.69509572326,0.0,52.237935084142464,0.0,0.15491054122326142,0.0,False,True,False
main,deterministic,deterministic,2025-10-01,45,True,True,0,,,0.7,20.0,optimal,1.7002788999998302,1.7002798000012262,0.0,0,0,16326.629510824734,522.393937179233,16849.023448003965,16432.156839201827,16954.55077638106,173664.0570774049,0.0,55.27968493796145,0.0,0.039371495011241375,0.0,False,True,False
main,deterministic,deterministic,2025-10-01,46,True,True,0,,,0.7,20.0,optimal,1.7002788999998302,1.7002798000012262,0.0,0,0,16326.629510824734,522.393937179233,16849.023448003965,16440.618170432303,16963.012107611536,173944.1577537637,0.05569381453464661,52.54560060321791,0.0,0.11284562529039621,0.0,False,True,False
main,deterministic,deterministic,2025-10-01,47,True,True,0,,,0.7,20.0,optimal,1.7002788999998302,1.7002798000012262,0.0,0,0,16326.629510824734,522.393937179233,16849.023448003965,16437.530860201474,16959.924797380707,173995.2474597322,0.0,52.051775840345606,0.0,0.2028807974103577,0.0,False,True,False
main,deterministic,deterministic,2025-10-01,48,True,True,0,,,0.7,20.0,optimal,1.7002788999998302,1.7002798000012262,0.0,0,0,16326.629510824734,522.393937179233,16849.023448003965,16364.290142405585,16886.68407958482,173735.33296317063,0.2656023437967612,51.8991676680935,0.0,0.15333205992080812,0.0,False,True,False
main,deterministic,deterministic,2025-10-01,49,True,True,0,,,0.7,20.0,optimal,1.7002788999998302,1.7002798000012262,0.0,0,0,16326.629510824734,522.393937179233,16849.023448003965,16477.49316318209,16999.887100361324,173752.87473367882,0.0,56.27264418588679,0.0,0.17879245775277175,0.0,False,True,False
main,deterministic,deterministic,2025-10-01,50,True,True,0,,,0.7,20.0,optimal,1.7002788999998302,1.7002798000012262,0.0,0,0,16326.629510824734,522.393937179233,16849.023448003965,16464.637695043333,16987.031632222566,174489.93077951128,0.05922190224908919,56.724544875454754,0.0,0.2028807974103577,0.0,False,True,False
main,deterministic,deterministic,2025-10-01,51,True,True,0,,,0.7,20.0,optimal,1.7002788999998302,1.7002798000012262,0.0,0,0,16326.629510824734,522.393937179233,16849.023448003965,16369.684732044654,16892.078669223887,173420.36444476602,0.19924711856725819,51.63571170035451,0.0,0.1089113588083328,0.0,False,True,False
main,deterministic,deterministic,2025-10-01,52,True,True,0,,,0.7,20.0,optimal,1.7002788999998302,1.7002798000012262,0.0,0,0,16326.629510824734,522.393937179233,16849.023448003965,16418.969577361026,16941.36351454026,173759.5928142138,0.0,57.64275221402429,0.0,0.04481145778602369,0.0,False,True,False
main,deterministic,deterministic,2025-10-01,53,True,True,0,,,0.7,20.0,optimal,1.7002788999998302,1.7002798000012262,0.0,0,0,16326.629510824734,522.393937179233,16849.023448003965,16407.028065161976,16929.42200234121,174054.63722809436,0.0,48.654030754041514,0.0,0.09987109110840797,0.0,False,True,False
main,deterministic,deterministic,2025-10-01,54,True,True,0,,,0.7,20.0,optimal,1.7002788999998302,1.7002798000012262,0.0,0,0,16326.629510824734,522.393937179233,16849.023448003965,16441.944228811168,16964.3381659904,173937.72688105048,0.0,50.929548164183515,0.0,0.09367604238561911,0.0,False,True,False
main,deterministic,deterministic,2025-10-01,55,True,True,0,,,0.7,20.0,optimal,1.7002788999998302,1.7002798000012262,0.0,0,0,16326.629510824734,522.393937179233,16849.023448003965,16427.463229550878,16949.85716673011,173920.54649991367,0.0,56.677176132794195,0.0,0.09022042361816607,0.0,False,True,False
main,deterministic,deterministic,2025-10-01,56,True,True,0,,,0.7,20.0,optimal,1.7002788999998302,1.7002798000012262,0.0,0,0,16326.629510824734,522.393937179233,16849.023448003965,16493.61498811238,17016.00892529161,174012.56850509284,0.0,41.00126159254255,0.0,0.06418280481465222,0.0,False,True,False
main,deterministic,deterministic,2025-10-01,57,True,True,0,,,0.7,20.0,optimal,1.7002788999998302,1.7002798000012262,0.0,0,0,16326.629510824734,522.393937179233,16849.023448003965,16427.962920449787,16950.35685762902,173897.00755462828,0.0,51.0332511292108,0.0,0.04523277571860418,0.0,False,True,False
main,deterministic,deterministic,2025-10-01,58,True,True,0,,,0.7,20.0,optimal,1.7002788999998302,1.7002798000012262,0.0,0,0,16326.629510824734,522.393937179233,16849.023448003965,16417.29548988746,16939.689427066693,173401.29619786586,0.22307898618573185,60.20730661316031,0.0,0.06156464171167486,0.0,False,True,False
main,deterministic,deterministic,2025-10-01,59,True,True,0,,,0.7,20.0,optimal,1.7002788999998302,1.7002798000012262,0.0,0,0,16326.629510824734,522.393937179233,16849.023448003965,16406.541176759663,16928.935113938896,173952.78657345817,0.0,54.374098600348844,0.0,0.10754788025400064,0.0,False,True,False
main,deterministic,deterministic,2025-10-01,60,True,True,0,,,0.7,20.0,optimal,1.7002788999998302,1.7002798000012262,0.0,0,0,16326.629510824734,522.393937179233,16849.023448003965,16393.21538863515,16915.609325814385,173816.84552071238,0.08912355433811947,50.35034674117455,0.0,0.14097108941336534,0.0,False,True,False
main,deterministic,deterministic,2025-10-01,61,True,True,0,,,0.7,20.0,optimal,1.7002788999998302,1.7002798000012262,0.0,0,0,16326.629510824734,522.393937179233,16849.023448003965,16446.89294335593,16969.286880535165,173857.75442649575,0.0,41.554133201414594,0.0,0.1424540762560509,0.0,False,True,False
main,deterministic,deterministic,2025-10-01,62,True,True,0,,,0.7,20.0,optimal,1.7002788999998302,1.7002798000012262,0.0,0,0,16326.629510824734,522.393937179233,16849.023448003965,16455.428530146128,16977.82246732536,173933.19244897985,0.0,56.736691852011525,0.0,0.2028807974103577,0.0,False,True,False
main,deterministic,deterministic,2025-10-01,63,True,True,0,,,0.7,20.0,optimal,1.7002788999998302,1.7002798000012262,0.0,0,0,16326.629510824734,522.393937179233,16849.023448003965,16429.74614158064,16952.140078759872,173556.24783230544,0.0,58.71509464012277,0.0,0.14140881562637642,0.0,False,True,False
main,deterministic,deterministic,2025-10-01,64,True,True,0,,,0.7,20.0,optimal,1.7002788999998302,1.7002798000012262,0.0,0,0,16326.629510824734,522.393937179233,16849.023448003965,16422.426053060182,16944.819990239415,173706.10286654238,0.0,47.08227227394711,0.0,0.07499085496569768,0.0,False,True,False
main,deterministic,deterministic,2025-10-01,65,True,True,0,,,0.7,20.0,optimal,1.7002788999998302,1.7002798000012262,0.0,0,0,16326.629510824734,522.393937179233,16849.023448003965,16424.632508583465,16947.026445762698,173711.58115413494,0.0,56.925063741858715,0.0,0.09199311499005458,0.0,False,True,False
main,deterministic,deterministic,2025-10-01,66,True,True,0,,,0.7,20.0,optimal,1.7002788999998302,1.7002798000012262,0.0,0,0,16326.629510824734,522.393937179233,16849.023448003965,16397.349292194707,16919.74322937394,173605.89792544296,0.0,60.658281693844195,0.0,0.10742360311979371,0.0,False,True,False
main,deterministic,deterministic,2025-10-01,67,True,True,0,,,0.7,20.0,optimal,1.7002788999998302,1.7002798000012262,0.0,0,0,16326.629510824734,522.393937179233,16849.023448003965,16415.778779007585,16938.17271618682,174461.3706078927,0.0,51.606770165264095,0.0,0.10910548320984281,0.0,False,True,False
main,deterministic,deterministic,2025-10-01,68,True,True,0,,,0.7,20.0,optimal,1.7002788999998302,1.7002798000012262,0.0,0,0,16326.629510824734,522.393937179233,16849.023448003965,16421.31347243552,16943.70740961475,173741.11221167826,0.08912355313223319,53.527814491589915,0.0,0.10891135704900523,0.0,False,True,False
main,deterministic,deterministic,2025-10-01,69,True,True,0,,,0.7,20.0,optimal,1.7002788999998302,1.7002798000012262,0.0,0,0,16326.629510824734,522.393937179233,16849.023448003965,16448.151278051246,16970.54521523048,173597.8393022539,0.04035492216949832,55.18630328427045,0.0,0.09750673292524792,0.0,False,True,False
main,deterministic,deterministic,2025-10-01,70,True,True,0,,,0.7,20.0,optimal,1.7002788999998302,1.7002798000012262,0.0,0,0,16326.629510824734,522.393937179233,16849.023448003965,16447.92910199115,16970.323039170384,174191.08629845397,0.0,54.92599012633187,0.0,0.05307714311125156,0.0,False,True,False
main,deterministic,deterministic,2025-10-01,71,True,True,0,,,0.7,20.0,optimal,1.7002788999998302,1.7002798000012262,0.0,0,0,16326.629510824734,522.393937179233,16849.023448003965,16376.797497414986,16899.19143459422,173400.43508493467,0.31169421089371996,60.527016097012215,0.0,0.1089113588083328,0.0,False,True,False
main,deterministic,deterministic,2025-10-01,72,True,True,0,,,0.7,20.0,optimal,1.7002788999998302,1.7002798000012262,0.0,0,0,16326.629510824734,522.393937179233,16849.023448003965,16409.090534998693,16931.484472177926,173348.86202989207,0.12562461145963044,56.8039246937426,0.0,0.1089113588083328,0.0,False,True,False
main,deterministic,deterministic,2025-10-01,73,True,True,0,,,0.7,20.0,optimal,1.7002788999998302,1.7002798000012262,0.0,0,0,16326.629510824734,522.393937179233,16849.023448003965,16401.14953399503,16923.543471174264,173796.79903827442,0.11562636375118762,52.24970432962351,0.0,0.20308287989702078,0.0,False,True,False
main,deterministic,deterministic,2025-10-01,74,True,True,0,,,0.7,20.0,optimal,1.7002788999998302,1.7002798000012262,0.0,0,0,16326.629510824734,522.393937179233,16849.023448003965,16486.52200927841,17008.915946457644,174180.57762990656,0.0,53.4223741314608,0.0,0.10656314426963798,0.0,False,True,False
main,deterministic,deterministic,2025-10-01,75,True,True,0,,,0.7,20.0,optimal,1.7002788999998302,1.7002798000012262,0.0,0,0,16326.629510824734,522.393937179233,16849.023448003965,16418.123429980347,16940.51736715958,173906.18338308114,0.0,52.039044164974015,0.0,0.080393190637851,0.0,False,True,False
main,deterministic,deterministic,2025-10-01,76,True,True,0,,,0.7,20.0,optimal,1.7002788999998302,1.7002798000012262,0.0,0,0,16326.629510824734,522.393937179233,16849.023448003965,16462.914655651384,16985.308592830617,173722.6925301659,0.0,53.434848210558094,0.0,0.08530748158563228,0.0,False,True,False
main,deterministic,deterministic,2025-10-01,77,True,True,0,,,0.7,20.0,optimal,1.7002788999998302,1.7002798000012262,0.0,0,0,16326.629510824734,522.393937179233,16849.023448003965,16508.61630394955,17031.010241128784,173658.39851138534,0.10637716588721946,48.26323083331837,0.0,0.12855922093766758,0.0,False,True,False
main,deterministic,deterministic,2025-10-01,78,True,True,0,,,0.7,20.0,optimal,1.7002788999998302,1.7002798000012262,0.0,0,0,16326.629510824734,522.393937179233,16849.023448003965,16393.95575954009,16916.349696719324,173808.32612463957,0.11492521441922743,53.02622429404343,0.0,0.15491054122326142,0.0,False,True,False
main,deterministic,deterministic,2025-10-01,79,True,True,0,,,0.7,20.0,optimal,1.7002788999998302,1.7002798000012262,0.0,0,0,16326.629510824734,522.393937179233,16849.023448003965,16430.199840087036,16952.59377726627,174077.8841313444,0.05988524384889837,48.51153930018904,0.0,0.2028807974103577,0.0,False,True,False
main,deterministic,deterministic,2025-10-01,80,True,True,0,,,0.7,20.0,optimal,1.7002788999998302,1.7002798000012262,0.0,0,0,16326.629510824734,522.393937179233,16849.023448003965,16436.94483779709,16959.338774976324,173906.98554961523,0.0,51.259557686935864,0.0,0.080393190637851,0.0,False,True,False
main,deterministic,deterministic,2025-10-01,81,True,True,0,,,0.7,20.0,optimal,1.7002788999998302,1.7002798000012262,0.0,0,0,16326.629510824734,522.393937179233,16849.023448003965,16374.50416446365,16896.89810164288,173518.82768389612,0.1939023920009264,60.704974937464804,0.0,0.06529899693052887,0.0,False,True,False
main,deterministic,deterministic,2025-10-01,82,True,True,0,,,0.7,20.0,optimal,1.7002788999998302,1.7002798000012262,0.0,0,0,16326.629510824734,522.393937179233,16849.023448003965,16421.8213717644,16944.215308943632,173953.52581447727,0.0,44.502687901498696,0.0,0.1883764852357548,0.0,False,True,False
main,deterministic,deterministic,2025-10-01,83,True,True,0,,,0.7,20.0,optimal,1.7002788999998302,1.7002798000012262,0.0,0,0,16326.629510824734,522.393937179233,16849.023448003965,16475.62208993962,16998.016027118854,173572.16617786305,0.11392704569618606,47.809566630103475,0.0,0.09099644960498066,0.0,False,True,False
main,deterministic,deterministic,2025-10-01,84,True,True,0,,,0.7,20.0,optimal,1.7002788999998302,1.7002798000012262,0.0,0,0,16326.629510824734,522.393937179233,16849.023448003965,16434.027921133067,16956.4218583123,173765.46862744112,0.08617578572483242,45.930323922397086,0.0,0.14332759648058202,0.0,False,True,False
main,deterministic,deterministic,2025-10-01,85,True,True,0,,,0.7,20.0,optimal,1.7002788999998302,1.7002798000012262,0.0,0,0,16326.629510824734,522.393937179233,16849.023448003965,16488.780109324987,17011.17404650422,173812.86675979078,0.0,59.70730553357857,0.0,0.17793555579277998,0.0,False,True,False
main,deterministic,deterministic,2025-10-01,86,True,True,0,,,0.7,20.0,optimal,1.7002788999998302,1.7002798000012262,0.0,0,0,16326.629510824734,522.393937179233,16849.023448003965,16449.674570136434,16972.068507315667,173972.06843270463,0.0,47.01759563557557,0.0,0.08913426424640547,0.0,False,True,False
main,deterministic,deterministic,2025-10-01,87,True,True,0,,,0.7,20.0,optimal,1.7002788999998302,1.7002798000012262,0.0,0,0,16326.629510824734,522.393937179233,16849.023448003965,16407.807508156464,16930.201445335697,173211.2441538659,0.08912355313971987,50.25995075493371,0.0,0.15491054122326142,0.0,False,True,False
main,deterministic,deterministic,2025-10-01,88,True,True,0,,,0.7,20.0,optimal,1.7002788999998302,1.7002798000012262,0.0,0,0,16326.629510824734,522.393937179233,16849.023448003965,16430.018723983263,16952.412661162496,173734.42165379378,0.04347177346790754,58.09063864751405,0.0,0.10062358422365691,0.0,False,True,False
main,deterministic,deterministic,2025-10-01,89,True,True,0,,,0.7,20.0,optimal,1.7002788999998302,1.7002798000012262,0.0,0,0,16326.629510824734,522.393937179233,16849.023448003965,16417.220823881387,16939.61476106062,173452.13864430183,0.0,52.26460403814635,0.0,0.07174532045441784,0.0,False,True,False
main,deterministic,deterministic,2025-10-01,90,True,True,0,,,0.7,20.0,optimal,1.7002788999998302,1.7002798000012262,0.0,0,0,16326.629510824734,522.393937179233,16849.023448003965,16411.199284830112,16933.593222009345,173518.25248881013,0.08912355445768827,55.753731590626195,0.0,0.10891135837446031,0.0,False,True,False
main,deterministic,deterministic,2025-10-01,91,True,True,0,,,0.7,20.0,optimal,1.7002788999998302,1.7002798000012262,0.0,0,0,16326.629510824734,522.393937179233,16849.023448003965,16422.085918049514,16944.479855228747,173929.2737675229,0.18139360076119515,50.78474553079017,0.0,0.18027660080239682,0.0,False,True,False
main,deterministic,deterministic,2025-10-01,92,True,True,0,,,0.7,20.0,optimal,1.7002788999998302,1.7002798000012262,0.0,0,0,16326.629510824734,522.393937179233,16849.023448003965,16403.45815132096,16925.852088500193,173816.07793073595,0.0,41.01029317927004,0.0,0.14740811608555204,0.0,False,True,False
main,deterministic,deterministic,2025-10-01,93,True,True,0,,,0.7,20.0,optimal,1.7002788999998302,1.7002798000012262,0.0,0,0,16326.629510824734,522.393937179233,16849.023448003965,16384.716054549193,16907.109991728426,173785.9319223283,0.0,56.50513257569072,0.0,0.10299138953571774,0.0,False,True,False
main,deterministic,deterministic,2025-10-01,94,True,True,0,,,0.7,20.0,optimal,1.7002788999998302,1.7002798000012262,0.0,0,0,16326.629510824734,522.393937179233,16849.023448003965,16474.56817500818,16996.96211218741,173703.51465148033,0.0,47.141371017940656,0.0,0.2028807974103577,0.0,False,True,False
main,deterministic,deterministic,2025-10-01,95,True,True,0,,,0.7,20.0,optimal,1.7002788999998302,1.7002798000012262,0.0,0,0,16326.629510824734,522.393937179233,16849.023448003965,16401.487955795143,16923.881892974376,174222.7604710171,0.0,54.85572029009341,0.0,0.15491054122326142,0.0,False,True,False
main,deterministic,deterministic,2025-10-01,96,True,True,0,,,0.7,20.0,optimal,1.7002788999998302,1.7002798000012262,0.0,0,0,16326.629510824734,522.393937179233,16849.023448003965,16436.13649773519,16958.530434914424,173839.82017071638,0.0,48.290833104210606,0.0,0.07498186007556518,0.0,False,True,False
main,deterministic,deterministic,2025-10-01,97,True,True,0,,,0.7,20.0,optimal,1.7002788999998302,1.7002798000012262,0.0,0,0,16326.629510824734,522.393937179233,16849.023448003965,16380.60153655752,16902.99547373675,173614.292924087,0.0,52.19168157671384,0.0,0.15491054122326142,0.0,False,True,False
main,deterministic,deterministic,2025-10-01,98,True,True,0,,,0.7,20.0,optimal,1.7002788999998302,1.7002798000012262,0.0,0,0,16326.629510824734,522.393937179233,16849.023448003965,16433.417517028884,16955.811454208117,173769.19871079677,0.0,44.07190681664892,0.0,0.040040647428323695,0.0,False,True,False
main,deterministic,deterministic,2025-10-01,99,True,True,0,,,0.7,20.0,optimal,1.7002788999998302,1.7002798000012262,0.0,0,0,16326.629510824734,522.393937179233,16849.023448003965,16371.448569705088,16893.84250688432,173764.79713175382,0.22388760179756506,52.60661293101972,0.0,0.08025320851139406,0.0,False,True,False
