scenario_id,hour,baseline_cores,baseline_energy_core_hours,flexible_window_energy_core_hours,arrival_work_core_hours,due_work_core_hours,cumulative_arrived_core_hours,cumulative_due_core_hours
0,0,407009.946047,407009.946047,407009.946047,407009.946047,0.0,407009.946047,0.0
0,1,412096.600688,412096.600688,819106.546735,412096.600688,0.0,819106.546735,0.0
0,2,313426.48465,313426.48465,1132533.031385,313426.48465,0.0,1132533.031385,0.0
0,3,425264.998689,425264.998689,1557798.030074,425264.998689,0.0,1557798.030074,0.0
0,4,474263.230666,474263.230666,2032061.26074,474263.230666,0.0,2032061.26074,0.0
0,5,521815.407429,521815.407429,2553876.668169,521815.407429,0.0,2553876.668169,0.0
0,6,1251697.256111,1251697.256111,3805573.924279,1251697.256111,407009.946047,3805573.92428,407009.946047
0,7,735047.237068,735047.237068,4133611.2153,735047.237068,412096.600688,4540621.161348,819106.546735
0,8,485671.859439,485671.859439,4207186.474051,485671.859439,313426.48465,5026293.020787,1132533.031385
0,9,746470.808781,746470.808781,4640230.798183,746470.808781,425264.998689,5772763.829568,1557798.030074
0,10,612057.320587,612057.320587,4827023.120081,612057.320587,474263.230666,6384821.150155,2032061.26074
0,11,638250.016993,638250.016993,4991009.906408,638250.016993,521815.407429,7023071.167148,2553876.668169
0,12,1106568.451006,1106568.451006,5575762.949985,1106568.451006,1251697.256111,8129639.618154,3805573.92428
0,13,836919.287961,836919.287961,5160984.981836,836919.287961,735047.237068,8966558.906115,4540621.161348
0,14,800135.056068,800135.056068,5226072.800836,800135.056068,485671.859439,9766693.962183,5026293.020787
0,15,815216.331954,815216.331954,5555617.27335,815216.331954,746470.808781,10581910.294137,5772763.829568
0,16,457356.359779,457356.359779,5266502.824348,457356.359779,612057.320587,11039266.653916,6384821.150155
0,17,453373.466161,453373.466161,5107818.969922,453373.466161,638250.016993,11492640.120077,7023071.167148
0,18,539835.598231,539835.598231,5009404.55116,539835.598231,1106568.451006,12032475.718308,8129639.618154
0,19,259553.947697,259553.947697,4162390.047851,259553.947697,836919.287961,12292029.666005,8966558.906115
0,20,341166.041446,341166.041446,3666636.801335,341166.041446,800135.056068,12633195.707451,9766693.962183
0,21,580474.540911,580474.540911,3446976.286179,580474.540911,815216.331954,13213670.248362,10581910.294137
0,22,496187.565451,496187.565451,3127947.519677,496187.565451,457356.359779,13709857.813813,11039266.653916
0,23,357659.400314,357659.400314,3028250.560212,357659.400314,453373.466161,14067517.214127,11492640.120077
0,24,416855.168551,416855.168551,2991732.262602,416855.168551,539835.598231,14484372.382678,12032475.718308
0,25,640640.533823,640640.533823,3092537.198195,640640.533823,259553.947697,15125012.916501,12292029.666005
0,26,392220.512035,392220.512035,3225203.762533,392220.512035,341166.041446,15517233.428536,12633195.707451
0,27,592201.51937,592201.51937,3476239.240457,592201.51937,580474.540911,16109434.947906,13213670.248362
0,28,618113.441563,618113.441563,3513878.141109,618113.441563,496187.565451,16727548.389469,13709857.813813
0,29,1812670.230748,1812670.230748,4830360.806406,1812670.230748,357659.400314,18540218.620217,14067517.214127
0,30,1466829.729807,1466829.729807,5939531.135899,1466829.729807,416855.168551,20007048.350024,14484372.382678
0,31,1187576.52657,1187576.52657,6710252.493918,1187576.52657,640640.533823,21194624.876594,15125012.916501
0,32,1249165.264381,1249165.264381,7318777.224475,1249165.264381,392220.512035,22443790.140975,15517233.428536
0,33,846238.89834,846238.89834,7772795.61078,846238.89834,592201.51937,23290029.039315,16109434.947906
0,34,327128.037048,327128.037048,7507722.128458,327128.037048,618113.441563,23617157.076363,16727548.389469
0,35,625039.571184,625039.571184,7514648.258078,625039.571184,1812670.230748,24242196.647547,18540218.620217
0,36,1719493.341622,1719493.341622,7421471.368952,1719493.341622,1466829.729807,25961689.989169,20007048.350024
0,37,1811538.724532,1811538.724532,7766180.363676,1811538.724532,1187576.52657,27773228.713701,21194624.876594
0,38,1808718.240451,1808718.240451,8387322.077558,1808718.240451,1249165.264381,29581946.954152,22443790.140975
0,39,585016.883818,585016.883818,7723173.696995,585016.883818,846238.89834,30166963.83797,23290029.039315
0,40,329899.952932,329899.952932,7206834.751587,329899.952932,327128.037048,30496863.790902,23617157.076363
0,41,257033.28745,257033.28745,7136740.001989,257033.28745,625039.571184,30753897.078352,24242196.647547
0,42,172771.588038,172771.588038,6684472.018843,172771.588038,1719493.341622,30926668.66639,25961689.989169
0,43,193252.950342,193252.950342,5158231.627564,193252.950342,1811538.724532,31119921.616732,27773228.713701
0,44,213848.382774,213848.382774,3560541.285806,213848.382774,1808718.240451,31333769.999506,29581946.954152
0,45,210932.426383,210932.426383,1962755.471738,210932.426383,585016.883818,31544702.425889,30166963.83797
0,46,280154.944331,280154.944331,1657893.53225,280154.944331,329899.952932,31824857.37022,30496863.790902
0,47,249308.927252,249308.927252,1577302.50657,249308.927252,257033.28745,32074166.297472,30753897.078352
0,48,600570.175304,600570.175304,1920839.394424,600570.175304,172771.588038,32674736.472776,30926668.66639
0,49,869898.230898,869898.230898,2617966.037283,869898.230898,193252.950342,33544634.703674,31119921.616732
0,50,442261.89492,442261.89492,2866974.981862,442261.89492,213848.382774,33986896.598594,31333769.999506
0,51,475560.637151,475560.637151,3128687.236238,475560.637151,210932.426383,34462457.235745,31544702.425889
0,52,488522.811636,488522.811636,3406277.621491,488522.811636,280154.944331,34950980.047381,31824857.37022
0,53,586895.998728,586895.998728,3713018.675888,586895.998728,249308.927252,35537876.046109,32074166.297472
0,54,2109625.101706,2109625.101706,5573334.850342,2109625.101706,600570.175304,37647501.147815,32674736.472776
0,55,899154.091557,899154.091557,5871918.766595,899154.091557,869898.230898,38546655.239372,33544634.703674
0,56,441882.367872,441882.367872,5443902.90357,441882.367872,442261.89492,38988537.607244,33986896.598594
0,57,539144.697532,539144.697532,5540785.706182,539144.697532,475560.637151,39527682.304776,34462457.235745
0,58,321760.823029,321760.823029,5386985.89206,321760.823029,488522.811636,39849443.127805,34950980.047381
0,59,325581.224853,325581.224853,5224044.305278,325581.224853,586895.998728,40175024.352658,35537876.046109
0,60,293339.762843,293339.762843,4930488.069393,293339.762843,2109625.101706,40468364.115501,37647501.147815
0,61,199081.826368,199081.826368,3019944.794055,199081.826368,899154.091557,40667445.941869,38546655.239372
0,62,165939.058319,165939.058319,2286729.760817,165939.058319,441882.367872,40833385.000188,38988537.607244
0,63,280744.082024,280744.082024,2125591.474969,280744.082024,539144.697532,41114129.082212,39527682.304776
0,64,232944.52808,232944.52808,1819391.305517,232944.52808,321760.823029,41347073.610292,39849443.127805
0,65,173312.955938,173312.955938,1670943.438425,173312.955938,325581.224853,41520386.56623,40175024.352658
0,66,132709.238858,132709.238858,1478071.452431,132709.238858,293339.762843,41653095.805088,40468364.115501
0,67,178652.648727,178652.648727,1363384.338315,178652.648727,199081.826368,41831748.453815,40667445.941869
0,68,173100.272538,173100.272538,1337402.784485,173100.272538,165939.058319,42004848.726353,40833385.000188
0,69,207839.234174,207839.234174,1379302.96034,207839.234174,280744.082024,42212687.960527,41114129.082212
0,70,254797.357321,254797.357321,1353356.235637,254797.357321,232944.52808,42467485.317848,41347073.610292
0,71,281081.764858,281081.764858,1401493.472415,281081.764858,173312.955938,42748567.082706,41520386.56623
0,72,379667.688792,379667.688792,1607848.20527,379667.688792,132709.238858,43128234.771498,41653095.805088
0,73,502088.615395,502088.615395,1977227.581806,502088.615395,178652.648727,43630323.386893,41831748.453815
0,74,323461.714307,323461.714307,2122036.647386,323461.714307,173100.272538,43953785.1012,42004848.726353
0,75,481964.386615,481964.386615,2430900.761462,481964.386615,207839.234174,44435749.487815,42212687.960527
0,76,481165.571081,481165.571081,2704227.098369,481165.571081,254797.357321,44916915.058896,42467485.317848
0,77,1352148.574868,1352148.574868,3801578.315916,1352148.574868,281081.764858,46269063.633764,42748567.082706
0,78,1400727.024771,1400727.024771,4921223.575829,1400727.024771,379667.688792,47669790.658535,43128234.771498
0,79,628254.591114,628254.591114,5169810.478151,628254.591114,502088.615395,48298045.249649,43630323.386893
0,80,442492.674182,442492.674182,5110214.536938,442492.674182,323461.714307,48740537.923831,43953785.1012
0,81,585024.596379,585024.596379,5371777.419009,585024.596379,481964.386615,49325562.52021,44435749.487815
0,82,460021.39177,460021.39177,5349834.424165,460021.39177,481165.571081,49785583.91198,44916915.058896
0,83,679999.353282,679999.353282,5548668.206367,679999.353282,1352148.574868,50465583.265262,46269063.633764
0,84,470237.810792,470237.810792,4666757.442291,470237.810792,1400727.024771,50935821.076054,47669790.658535
0,85,496996.244805,496996.244805,3763026.662324,496996.244805,628254.591114,51432817.320859,48298045.249649
0,86,566637.966893,566637.966893,3701410.038103,566637.966893,442492.674182,51999455.287752,48740537.923831
0,87,719349.347805,719349.347805,3978266.711725,719349.347805,585024.596379,52718804.635557,49325562.52021
0,88,520801.098023,520801.098023,3914043.213369,520801.098023,460021.39177,53239605.73358,49785583.91198
0,89,650908.35802,650908.35802,4104930.179618,650908.35802,679999.353282,53890514.0916,50465583.265262
0,90,294116.987849,294116.987849,3719047.814185,294116.987849,470237.810792,54184631.079449,50935821.076054
0,91,350794.324312,350794.324312,3599604.327706,350794.324312,496996.244805,54535425.403761,51432817.320859
0,92,340039.223593,340039.223593,3442647.306494,340039.223593,566637.966893,54875464.627354,51999455.287752
0,93,521676.045793,521676.045793,3397685.385394,521676.045793,719349.347805,55397140.673147,52718804.635557
0,94,469890.802245,469890.802245,3148226.839834,469890.802245,520801.098023,55867031.475392,53239605.73358
0,95,221170.701835,221170.701835,2848596.443647,221170.701835,650908.35802,56088202.177227,53890514.0916
0,96,416855.168551,416855.168551,2614543.254179,416855.168551,294116.987849,56505057.345778,54184631.079449
0,97,640640.533823,640640.533823,2961066.800153,640640.533823,350794.324312,57145697.879601,54535425.403761
0,98,392220.512035,392220.512035,3002492.987876,392220.512035,340039.223593,57537918.391636,54875464.627354
0,99,592201.51937,592201.51937,3254655.283654,592201.51937,521676.045793,58130119.911006,55397140.673147
0,100,618113.441563,618113.441563,3351092.679424,618113.441563,469890.802245,58748233.352569,55867031.475392
0,101,1812670.230748,1812670.230748,4693872.107927,1812670.230748,221170.701835,60560903.583317,56088202.177227
0,102,1466829.729807,1466829.729807,5939531.135899,1466829.729807,416855.168551,62027733.313124,56505057.345778
0,103,1187576.52657,1187576.52657,6710252.493918,1187576.52657,640640.533823,63215309.839694,57145697.879601
0,104,1249165.264381,1249165.264381,7318777.224475,1249165.264381,392220.512035,64464475.104075,57537918.391636
0,105,846238.89834,846238.89834,7772795.61078,846238.89834,592201.51937,65310714.002415,58130119.911006
0,106,327128.037048,327128.037048,7507722.128458,327128.037048,618113.441563,65637842.039463,58748233.352569
0,107,625039.571184,625039.571184,7514648.258078,625039.571184,1812670.230748,66262881.610647,60560903.583317
0,108,1719493.341622,1719493.341622,7421471.368952,1719493.341622,1466829.729807,67982374.952269,62027733.313124
0,109,1811538.724532,1811538.724532,7766180.363676,1811538.724532,1187576.52657,69793913.676801,63215309.839694
0,110,1808718.240451,1808718.240451,8387322.077558,1808718.240451,1249165.264381,71602631.917252,64464475.104075
0,111,585016.883818,585016.883818,7723173.696995,585016.883818,846238.89834,72187648.80107,65310714.002415
0,112,329899.952932,329899.952932,7206834.751587,329899.952932,327128.037048,72517548.754002,65637842.039463
0,113,257033.28745,257033.28745,7136740.001989,257033.28745,625039.571184,72774582.041452,66262881.610647
0,114,172771.588038,172771.588038,6684472.018843,172771.588038,1719493.341622,72947353.62949,67982374.952269
0,115,193252.950342,193252.950342,5158231.627564,193252.950342,1811538.724532,73140606.579832,69793913.676801
0,116,213848.382774,213848.382774,3560541.285806,213848.382774,1808718.240451,73354454.962606,71602631.917252
0,117,210932.426383,210932.426383,1962755.471738,210932.426383,585016.883818,73565387.388989,72187648.80107
0,118,280154.944331,280154.944331,1657893.53225,280154.944331,329899.952932,73845542.33332,72517548.754002
0,119,249308.927252,249308.927252,1577302.50657,249308.927252,257033.28745,74094851.260572,72774582.041452
0,120,600570.175304,600570.175304,1920839.394424,600570.175304,172771.588038,74695421.435876,72947353.62949
0,121,869898.230898,869898.230898,2617966.037283,869898.230898,193252.950342,75565319.666774,73140606.579832
0,122,442261.89492,442261.89492,2866974.981862,442261.89492,213848.382774,76007581.561694,73354454.962606
0,123,475560.637151,475560.637151,3128687.236238,475560.637151,210932.426383,76483142.198845,73565387.388989
0,124,488522.811636,488522.811636,3406277.621491,488522.811636,280154.944331,76971665.010481,73845542.33332
0,125,586895.998728,586895.998728,3713018.675888,586895.998728,249308.927252,77558561.009209,74094851.260572
0,126,2109625.101706,2109625.101706,5573334.850342,2109625.101706,600570.175304,79668186.110915,74695421.435876
0,127,899154.091557,899154.091557,5871918.766595,899154.091557,869898.230898,80567340.202472,75565319.666774
0,128,441882.367872,441882.367872,5443902.90357,441882.367872,442261.89492,81009222.570344,76007581.561694
0,129,539144.697532,539144.697532,5540785.706182,539144.697532,475560.637151,81548367.267876,76483142.198845
0,130,321760.823029,321760.823029,5386985.89206,321760.823029,488522.811636,81870128.090905,76971665.010481
0,131,325581.224853,325581.224853,5224044.305278,325581.224853,586895.998728,82195709.315758,77558561.009209
0,132,293339.762843,293339.762843,4930488.069393,293339.762843,2109625.101706,82489049.078601,79668186.110915
0,133,199081.826368,199081.826368,3019944.794055,199081.826368,899154.091557,82688130.904969,80567340.202472
0,134,165939.058319,165939.058319,2286729.760817,165939.058319,441882.367872,82854069.963288,81009222.570344
0,135,280744.082024,280744.082024,2125591.474969,280744.082024,539144.697532,83134814.045312,81548367.267876
0,136,232944.52808,232944.52808,1819391.305517,232944.52808,321760.823029,83367758.573392,81870128.090905
0,137,173312.955938,173312.955938,1670943.438425,173312.955938,325581.224853,83541071.52933,82195709.315758
0,138,132709.238858,132709.238858,1478071.452431,132709.238858,293339.762843,83673780.768188,82489049.078601
0,139,178652.648727,178652.648727,1363384.338315,178652.648727,199081.826368,83852433.416915,82688130.904969
0,140,173100.272538,173100.272538,1337402.784485,173100.272538,165939.058319,84025533.689453,82854069.963288
0,141,207839.234174,207839.234174,1379302.96034,207839.234174,280744.082024,84233372.923627,83134814.045312
0,142,254797.357321,254797.357321,1353356.235637,254797.357321,232944.52808,84488170.280948,83367758.573392
0,143,281081.764858,281081.764858,1401493.472415,281081.764858,173312.955938,84769252.045806,83541071.52933
0,144,416855.168551,416855.168551,1645035.685029,416855.168551,132709.238858,85186107.214357,83673780.768188
0,145,640640.533823,640640.533823,2152966.979994,640640.533823,178652.648727,85826747.74818,83852433.416915
0,146,392220.512035,392220.512035,2366534.843301,392220.512035,173100.272538,86218968.260215,84025533.689453
0,147,592201.51937,592201.51937,2785636.090134,592201.51937,207839.234174,86811169.779585,84233372.923627
0,148,618113.441563,618113.441563,3195910.297523,618113.441563,254797.357321,87429283.221148,84488170.280948
0,149,1812670.230748,1812670.230748,4753783.17095,1812670.230748,281081.764858,89241953.451896,84769252.045806
0,150,1466829.729807,1466829.729807,5939531.135899,1466829.729807,416855.168551,90708783.181703,85186107.214357
0,151,1187576.52657,1187576.52657,6710252.493918,1187576.52657,640640.533823,91896359.708273,85826747.74818
0,152,1249165.264381,1249165.264381,7318777.224475,1249165.264381,392220.512035,93145524.972654,86218968.260215
0,153,846238.89834,846238.89834,7772795.61078,846238.89834,592201.51937,93991763.870994,86811169.779585
0,154,327128.037048,327128.037048,7507722.128458,327128.037048,618113.441563,94318891.908042,87429283.221148
0,155,625039.571184,625039.571184,7514648.258078,625039.571184,1812670.230748,94943931.479226,89241953.451896
0,156,1719493.341622,1719493.341622,7421471.368952,1719493.341622,1466829.729807,96663424.820848,90708783.181703
0,157,1811538.724532,1811538.724532,7766180.363676,1811538.724532,1187576.52657,98474963.54538,91896359.708273
0,158,1808718.240451,1808718.240451,8387322.077558,1808718.240451,1249165.264381,100283681.785831,93145524.972654
0,159,585016.883818,585016.883818,7723173.696995,585016.883818,846238.89834,100868698.669649,93991763.870994
0,160,329899.952932,329899.952932,7206834.751587,329899.952932,327128.037048,101198598.622581,94318891.908042
0,161,257033.28745,257033.28745,7136740.001989,257033.28745,625039.571184,101455631.910031,94943931.479226
0,162,172771.588038,172771.588038,6684472.018843,172771.588038,1719493.341622,101628403.498069,96663424.820848
0,163,193252.950342,193252.950342,5158231.627564,193252.950342,1811538.724532,101821656.448411,98474963.54538
0,164,213848.382774,213848.382774,3560541.285806,213848.382774,1808718.240451,102035504.831185,100283681.785831
0,165,210932.426383,210932.426383,1962755.471738,210932.426383,585016.883818,102246437.257568,100868698.669649
0,166,280154.944331,280154.944331,1657893.53225,280154.944331,329899.952932,102526592.201899,101198598.622581
0,167,249308.927252,249308.927252,1577302.50657,249308.927252,257033.28745,102775901.129151,101455631.910031
0,168,600570.175304,600570.175304,1920839.394424,600570.175304,172771.588038,103376471.304455,101628403.498069
0,169,869898.230898,869898.230898,2617966.037283,869898.230898,193252.950342,104246369.535353,101821656.448411
0,170,442261.89492,442261.89492,2866974.981862,442261.89492,213848.382774,104688631.430273,102035504.831185
0,171,475560.637151,475560.637151,3128687.236238,475560.637151,210932.426383,105164192.067424,102246437.257568
0,172,488522.811636,488522.811636,3406277.621491,488522.811636,280154.944331,105652714.87906,102526592.201899
0,173,586895.998728,586895.998728,3713018.675888,586895.998728,249308.927252,106239610.877788,102775901.129151
0,174,2109625.101706,2109625.101706,5573334.850342,2109625.101706,600570.175304,108349235.979494,103376471.304455
0,175,899154.091557,899154.091557,5871918.766595,899154.091557,869898.230898,109248390.071051,104246369.535353
0,176,441882.367872,441882.367872,5443902.90357,441882.367872,442261.89492,109690272.438923,104688631.430273
0,177,539144.697532,539144.697532,5540785.706182,539144.697532,475560.637151,110229417.136455,105164192.067424
0,178,321760.823029,321760.823029,5386985.89206,321760.823029,488522.811636,110551177.959484,105652714.87906
0,179,325581.224853,325581.224853,5224044.305278,325581.224853,586895.998728,110876759.184337,106239610.877788
0,180,293339.762843,293339.762843,4930488.069393,293339.762843,2109625.101706,111170098.94718,108349235.979494
0,181,199081.826368,199081.826368,3019944.794055,199081.826368,899154.091557,111369180.773548,109248390.071051
0,182,165939.058319,165939.058319,2286729.760817,165939.058319,441882.367872,111535119.831867,109690272.438923
0,183,280744.082024,280744.082024,2125591.474969,280744.082024,539144.697532,111815863.913891,110229417.136455
0,184,232944.52808,232944.52808,1819391.305517,232944.52808,321760.823029,112048808.441971,110551177.959484
0,185,173312.955938,173312.955938,1670943.438425,173312.955938,325581.224853,112222121.397909,110876759.184337
0,186,132709.238858,132709.238858,1478071.452431,132709.238858,293339.762843,112354830.636767,111170098.94718
0,187,178652.648727,178652.648727,1363384.338315,178652.648727,199081.826368,112533483.285494,111369180.773548
0,188,173100.272538,173100.272538,1337402.784485,173100.272538,165939.058319,112706583.558032,111535119.831867
0,189,207839.234174,207839.234174,1379302.96034,207839.234174,280744.082024,112914422.792206,111815863.913891
0,190,254797.357321,254797.357321,1353356.235637,254797.357321,232944.52808,113169220.149527,112048808.441971
0,191,281081.764858,281081.764858,1401493.472415,281081.764858,173312.955938,113450301.914385,112222121.397909
0,192,681029.242389,681029.242389,1909209.758866,681029.242389,132709.238858,114131331.156774,112354830.636767
0,193,583389.299705,583389.299705,2359889.819713,583389.299705,178652.648727,114714720.456479,112533483.285494
0,194,381840.790854,381840.790854,2563077.961839,381840.790854,173100.272538,115096561.247333,112706583.558032
0,195,506251.437097,506251.437097,2896229.126398,506251.437097,207839.234174,115602812.68443,112914422.792206
0,196,580552.226351,580552.226351,3268942.118575,580552.226351,254797.357321,116183364.910781,113169220.149527
0,197,972113.491621,972113.491621,3986258.252875,972113.491621,281081.764858,117155478.402402,113450301.914385
0,198,1069553.062874,1069553.062874,4774729.550891,1069553.062874,681029.242389,118225031.465276,114131331.156774
0,199,663877.835671,663877.835671,4757578.144173,663877.835671,583389.299705,118888909.300947,114714720.456479
0,200,516835.771361,516835.771361,4691024.615828,516835.771361,381840.790854,119405745.072308,115096561.247333
0,201,415982.775467,415982.775467,4725166.600442,415982.775467,506251.437097,119821727.847775,115602812.68443
0,202,463210.157108,463210.157108,4682125.320453,463210.157108,580552.226351,120284938.004883,116183364.910781
0,203,831597.860379,831597.860379,4933170.954481,831597.860379,972113.491621,121116535.865262,117155478.402402
0,204,499901.705349,499901.705349,4460959.168208,499901.705349,1069553.062874,121616437.570611,118225031.465276
0,205,309278.015727,309278.015727,3700684.121062,309278.015727,663877.835671,121925715.586338,118888909.300947
0,206,393128.753229,393128.753229,3429935.038619,393128.753229,516835.771361,122318844.339567,119405745.072308
0,207,622477.810228,622477.810228,3535577.077486,622477.810228,415982.775467,122941322.149795,119821727.847775
0,208,613521.462241,613521.462241,3733115.76426,613521.462241,463210.157108,123554843.612036,120284938.004883
0,209,371897.88254,371897.88254,3641803.489692,371897.88254,831597.860379,123926741.494576,121116535.865262
0,210,353779.025275,353779.025275,3163984.654589,353779.025275,499901.705349,124280520.519851,121616437.570611
0,211,381745.43335,381745.43335,3045828.38259,381745.43335,309278.015727,124662265.953201,121925715.586338
0,212,374900.486555,374900.486555,3111450.853418,374900.486555,393128.753229,125037166.439756,122318844.339567
0,213,512658.688817,512658.688817,3230980.789006,512658.688817,622477.810228,125549825.128573,122941322.149795
0,214,434854.524208,434854.524208,3043357.502986,434854.524208,613521.462241,125984679.652781,123554843.612036
0,215,502977.524008,502977.524008,2932813.564754,502977.524008,371897.88254,126487657.176789,123926741.494576
0,216,382499.931499,382499.931499,2943415.613713,382499.931499,353779.025275,126870157.108288,124280520.519851
0,217,376081.812756,376081.812756,2965718.401193,376081.812756,381745.43335,127246238.921044,124662265.953201
0,218,371232.900744,371232.900744,2955205.868587,371232.900744,374900.486555,127617471.821788,125037166.439756
0,219,368496.874587,368496.874587,2948802.25662,368496.874587,512658.688817,127985968.696375,125549825.128573
0,220,485485.640692,485485.640692,2921629.208495,485485.640692,434854.524208,128471454.337067,125984679.652781
0,221,722462.944864,722462.944864,3209237.629151,722462.944864,502977.524008,129193917.281931,126487657.176789
0,222,1361953.386795,1361953.386795,4068213.491938,1361953.386795,382499.931499,130555870.668726,126870157.108288
0,223,637677.215284,637677.215284,4323390.775723,637677.215284,376081.812756,131193547.88401,127246238.921044
0,224,812170.256126,812170.256126,4759479.219093,812170.256126,371232.900744,132005718.140136,127617471.821788
0,225,867270.208338,867270.208338,5255516.526687,867270.208338,368496.874587,132872988.348474,127985968.696375
0,226,665013.405813,665013.405813,5552033.057913,665013.405813,485485.640692,133538001.754287,128471454.337067
0,227,508459.899675,508459.899675,5575007.316896,508459.899675,722462.944864,134046461.653962,129193917.281931
0,228,501531.867406,501531.867406,5354076.239437,501531.867406,1361953.386795,134547993.521368,130555870.668726
0,229,687002.629043,687002.629043,4679125.481685,687002.629043,637677.215284,135234996.150411,131193547.88401
0,230,479971.902671,479971.902671,4521420.169073,479971.902671,812170.256126,135714968.053082,132005718.140136
0,231,503749.296317,503749.296317,4212999.209263,503749.296317,867270.208338,136218717.349399,132872988.348474
0,232,754466.147607,754466.147607,4100195.148533,754466.147607,665013.405813,136973183.497006,133538001.754287
0,233,980275.118919,980275.118919,4415456.861639,980275.118919,508459.899675,137953458.615925,134046461.653962
0,234,294330.486638,294330.486638,4201327.448602,294330.486638,501531.867406,138247789.102563,134547993.521368
0,235,350213.515442,350213.515442,4050009.096638,350213.515442,687002.629043,138598002.618005,135234996.150411
0,236,444799.38009,444799.38009,3807805.847685,444799.38009,479971.902671,139042801.998095,135714968.053082
0,237,546975.952062,546975.952062,3874809.897076,546975.952062,503749.296317,139589777.950157,136218717.349399
0,238,563273.816498,563273.816498,3934334.417257,563273.816498,754466.147607,140153051.766655,136973183.497006
0,239,353257.522192,353257.522192,3533125.791842,353257.522192,980275.118919,140506309.288847,137953458.615925
0,240,600570.175304,600570.175304,3153420.848226,600570.175304,294330.486638,141106879.464151,138247789.102563
0,241,869898.230898,869898.230898,3728988.592486,869898.230898,350213.515442,141976777.695049,138598002.618005
0,242,442261.89492,442261.89492,3821036.971964,442261.89492,444799.38009,142419039.589969,139042801.998095
0,243,475560.637151,475560.637151,3851798.229024,475560.637151,546975.952062,142894600.22712,139589777.950157
0,244,488522.811636,488522.811636,3793345.088597,488522.811636,563273.816498,143383123.038756,140153051.766655
0,245,586895.998728,586895.998728,3816967.270828,586895.998728,353257.522192,143970019.037484,140506309.288847
0,246,2109625.101706,2109625.101706,5573334.850342,2109625.101706,600570.175304,146079644.13919,141106879.464151
0,247,899154.091557,899154.091557,5871918.766595,899154.091557,869898.230898,146978798.230747,141976777.695049
0,248,441882.367872,441882.367872,5443902.90357,441882.367872,442261.89492,147420680.598619,142419039.589969
0,249,539144.697532,539144.697532,5540785.706182,539144.697532,475560.637151,147959825.296151,142894600.22712
0,250,321760.823029,321760.823029,5386985.89206,321760.823029,488522.811636,148281586.11918,143383123.038756
0,251,325581.224853,325581.224853,5224044.305278,325581.224853,586895.998728,148607167.344033,143970019.037484
0,252,293339.762843,293339.762843,4930488.069393,293339.762843,2109625.101706,148900507.106876,146079644.13919
0,253,199081.826368,199081.826368,3019944.794055,199081.826368,899154.091557,149099588.933244,146978798.230747
0,254,165939.058319,165939.058319,2286729.760817,165939.058319,441882.367872,149265527.991563,147420680.598619
0,255,280744.082024,280744.082024,2125591.474969,280744.082024,539144.697532,149546272.073587,147959825.296151
0,256,232944.52808,232944.52808,1819391.305517,232944.52808,321760.823029,149779216.601667,148281586.11918
0,257,173312.955938,173312.955938,1670943.438425,173312.955938,325581.224853,149952529.557605,148607167.344033
0,258,132709.238858,132709.238858,1478071.452431,132709.238858,293339.762843,150085238.796463,148900507.106876
0,259,178652.648727,178652.648727,1363384.338315,178652.648727,199081.826368,150263891.44519,149099588.933244
0,260,173100.272538,173100.272538,1337402.784485,173100.272538,165939.058319,150436991.717728,149265527.991563
0,261,207839.234174,207839.234174,1379302.96034,207839.234174,280744.082024,150644830.951902,149546272.073587
0,262,254797.357321,254797.357321,1353356.235637,254797.357321,232944.52808,150899628.309223,149779216.601667
0,263,281081.764858,281081.764858,1401493.472415,281081.764858,173312.955938,151180710.074081,149952529.557605
0,264,379667.688792,379667.688792,1607848.20527,379667.688792,132709.238858,151560377.762873,150085238.796463
0,265,502088.615395,502088.615395,1977227.581806,502088.615395,178652.648727,152062466.378268,150263891.44519
0,266,323461.714307,323461.714307,2122036.647386,323461.714307,173100.272538,152385928.092575,150436991.717728
0,267,481964.386615,481964.386615,2430900.761462,481964.386615,207839.234174,152867892.47919,150644830.951902
0,268,481165.571081,481165.571081,2704227.098369,481165.571081,254797.357321,153349058.050271,150899628.309223
0,269,1352148.574868,1352148.574868,3801578.315916,1352148.574868,281081.764858,154701206.625139,151180710.074081
0,270,1400727.024771,1400727.024771,4921223.575829,1400727.024771,379667.688792,156101933.64991,151560377.762873
0,271,628254.591114,628254.591114,5169810.478151,628254.591114,502088.615395,156730188.241024,152062466.378268
0,272,442492.674182,442492.674182,5110214.536938,442492.674182,323461.714307,157172680.915206,152385928.092575
0,273,585024.596379,585024.596379,5371777.419009,585024.596379,481964.386615,157757705.511585,152867892.47919
0,274,460021.39177,460021.39177,5349834.424165,460021.39177,481165.571081,158217726.903355,153349058.050271
0,275,679999.353282,679999.353282,5548668.206367,679999.353282,1352148.574868,158897726.256637,154701206.625139
0,276,470237.810792,470237.810792,4666757.442291,470237.810792,1400727.024771,159367964.067429,156101933.64991
0,277,496996.244805,496996.244805,3763026.662324,496996.244805,628254.591114,159864960.312234,156730188.241024
0,278,566637.966893,566637.966893,3701410.038103,566637.966893,442492.674182,160431598.279127,157172680.915206
0,279,719349.347805,719349.347805,3978266.711725,719349.347805,585024.596379,161150947.626932,157757705.511585
0,280,520801.098023,520801.098023,3914043.213369,520801.098023,460021.39177,161671748.724955,158217726.903355
0,281,650908.35802,650908.35802,4104930.179618,650908.35802,679999.353282,162322657.082975,158897726.256637
0,282,294116.987849,294116.987849,3719047.814185,294116.987849,470237.810792,162616774.070824,159367964.067429
0,283,350794.324312,350794.324312,3599604.327706,350794.324312,496996.244805,162967568.395136,159864960.312234
0,284,340039.223593,340039.223593,3442647.306494,340039.223593,566637.966893,163307607.618729,160431598.279127
0,285,521676.045793,521676.045793,3397685.385394,521676.045793,719349.347805,163829283.664522,161150947.626932
0,286,469890.802245,469890.802245,3148226.839834,469890.802245,520801.098023,164299174.466767,161671748.724955
0,287,221170.701835,221170.701835,2848596.443647,221170.701835,650908.35802,164520345.168602,162322657.082975
0,288,681029.242389,681029.242389,2878717.328016,681029.242389,294116.987849,165201374.410991,162616774.070824
0,289,583389.299705,583389.299705,3167989.639872,583389.299705,350794.324312,165784763.710696,162967568.395136
0,290,381840.790854,381840.790854,3199036.106414,381840.790854,340039.223593,166166604.50155,163307607.618729
0,291,506251.437097,506251.437097,3365248.319918,506251.437097,521676.045793,166672855.938647,163829283.664522
0,292,580552.226351,580552.226351,3424124.500476,580552.226351,469890.802245,167253408.164998,164299174.466767
0,293,972113.491621,972113.491621,3926347.189852,972113.491621,221170.701835,168225521.656619,164520345.168602
0,294,1069553.062874,1069553.062874,4774729.550891,1069553.062874,681029.242389,169295074.719493,165201374.410991
0,295,663877.835671,663877.835671,4757578.144173,663877.835671,583389.299705,169958952.555164,165784763.710696
0,296,516835.771361,516835.771361,4691024.615828,516835.771361,381840.790854,170475788.326525,166166604.50155
0,297,415982.775467,415982.775467,4725166.600442,415982.775467,506251.437097,170891771.101992,166672855.938647
0,298,463210.157108,463210.157108,4682125.320453,463210.157108,580552.226351,171354981.2591,167253408.164998
0,299,831597.860379,831597.860379,4933170.954481,831597.860379,972113.491621,172186579.119479,168225521.656619
0,300,499901.705349,499901.705349,4460959.168208,499901.705349,1069553.062874,172686480.824828,169295074.719493
0,301,309278.015727,309278.015727,3700684.121062,309278.015727,663877.835671,172995758.840555,169958952.555164
0,302,393128.753229,393128.753229,3429935.038619,393128.753229,516835.771361,173388887.593784,170475788.326525
0,303,622477.810228,622477.810228,3535577.077486,622477.810228,415982.775467,174011365.404012,170891771.101992
0,304,613521.462241,613521.462241,3733115.76426,613521.462241,463210.157108,174624886.866253,171354981.2591
0,305,371897.88254,371897.88254,3641803.489692,371897.88254,831597.860379,174996784.748793,172186579.119479
0,306,353779.025275,353779.025275,3163984.654589,353779.025275,499901.705349,175350563.774068,172686480.824828
0,307,381745.43335,381745.43335,3045828.38259,381745.43335,309278.015727,175732309.207418,172995758.840555
0,308,374900.486555,374900.486555,3111450.853418,374900.486555,393128.753229,176107209.693973,173388887.593784
0,309,512658.688817,512658.688817,3230980.789006,512658.688817,622477.810228,176619868.38279,174011365.404012
0,310,434854.524208,434854.524208,3043357.502986,434854.524208,613521.462241,177054722.906998,174624886.866253
0,311,502977.524008,502977.524008,2932813.564754,502977.524008,371897.88254,177557700.431006,174996784.748793
0,312,382499.931499,382499.931499,2943415.613713,382499.931499,353779.025275,177940200.362505,175350563.774068
0,313,376081.812756,376081.812756,2965718.401193,376081.812756,381745.43335,178316282.175261,175732309.207418
0,314,371232.900744,371232.900744,2955205.868587,371232.900744,374900.486555,178687515.076005,176107209.693973
0,315,368496.874587,368496.874587,2948802.25662,368496.874587,512658.688817,179056011.950592,176619868.38279
0,316,485485.640692,485485.640692,2921629.208495,485485.640692,434854.524208,179541497.591284,177054722.906998
0,317,722462.944864,722462.944864,3209237.629151,722462.944864,502977.524008,180263960.536148,177557700.431006
0,318,1361953.386795,1361953.386795,4068213.491938,1361953.386795,382499.931499,181625913.922943,177940200.362505
0,319,637677.215284,637677.215284,4323390.775723,637677.215284,376081.812756,182263591.138227,178316282.175261
0,320,812170.256126,812170.256126,4759479.219093,812170.256126,371232.900744,183075761.394353,178687515.076005
0,321,867270.208338,867270.208338,5255516.526687,867270.208338,368496.874587,183943031.602691,179056011.950592
0,322,665013.405813,665013.405813,5552033.057913,665013.405813,485485.640692,184608045.008504,179541497.591284
0,323,508459.899675,508459.899675,5575007.316896,508459.899675,722462.944864,185116504.908179,180263960.536148
0,324,501531.867406,501531.867406,5354076.239437,501531.867406,1361953.386795,185618036.775585,181625913.922943
0,325,687002.629043,687002.629043,4679125.481685,687002.629043,637677.215284,186305039.404628,182263591.138227
0,326,479971.902671,479971.902671,4521420.169073,479971.902671,812170.256126,186785011.307299,183075761.394353
0,327,503749.296317,503749.296317,4212999.209263,503749.296317,867270.208338,187288760.603616,183943031.602691
0,328,754466.147607,754466.147607,4100195.148533,754466.147607,665013.405813,188043226.751223,184608045.008504
0,329,980275.118919,980275.118919,4415456.861639,980275.118919,508459.899675,189023501.870142,185116504.908179
0,330,294330.486638,294330.486638,4201327.448602,294330.486638,501531.867406,189317832.35678,185618036.775585
0,331,350213.515442,350213.515442,4050009.096638,350213.515442,687002.629043,189668045.872222,186305039.404628
0,332,444799.38009,444799.38009,3807805.847685,444799.38009,479971.902671,190112845.252312,186785011.307299
0,333,546975.952062,546975.952062,3874809.897076,546975.952062,503749.296317,190659821.204374,187288760.603616
0,334,563273.816498,563273.816498,3934334.417257,563273.816498,754466.147607,191223095.020872,188043226.751223
0,335,353257.522192,353257.522192,3533125.791842,353257.522192,980275.118919,191576352.543064,189023501.870142
0,336,379667.688792,379667.688792,2932518.361714,379667.688792,294330.486638,191956020.231856,189317832.35678
0,337,502088.615395,502088.615395,3140276.490471,502088.615395,350213.515442,192458108.847251,189668045.872222
0,338,323461.714307,323461.714307,3113524.689337,323461.714307,444799.38009,192781570.561558,190112845.252312
0,339,481964.386615,481964.386615,3150689.695861,481964.386615,546975.952062,193263534.948173,190659821.204374
0,340,481165.571081,481165.571081,3084879.314879,481165.571081,563273.816498,193744700.519254,191223095.020872
0,341,1352148.574868,1352148.574868,3873754.07325,1352148.574868,353257.522192,195096849.094122,191576352.543064
0,342,1400727.024771,1400727.024771,4921223.575829,1400727.024771,379667.688792,196497576.118893,191956020.231856
0,343,628254.591114,628254.591114,5169810.478151,628254.591114,502088.615395,197125830.710007,192458108.847251
0,344,442492.674182,442492.674182,5110214.536938,442492.674182,323461.714307,197568323.384189,192781570.561558
0,345,585024.596379,585024.596379,5371777.419009,585024.596379,481964.386615,198153347.980568,193263534.948173
0,346,460021.39177,460021.39177,5349834.424165,460021.39177,481165.571081,198613369.372338,193744700.519254
0,347,679999.353282,679999.353282,5548668.206367,679999.353282,1352148.574868,199293368.72562,195096849.094122
0,348,470237.810792,470237.810792,4666757.442291,470237.810792,1400727.024771,199763606.536412,196497576.118893
0,349,496996.244805,496996.244805,3763026.662324,496996.244805,628254.591114,200260602.781217,197125830.710007
0,350,566637.966893,566637.966893,3701410.038103,566637.966893,442492.674182,200827240.74811,197568323.384189
0,351,719349.347805,719349.347805,3978266.711725,719349.347805,585024.596379,201546590.095915,198153347.980568
0,352,520801.098023,520801.098023,3914043.213369,520801.098023,460021.39177,202067391.193938,198613369.372338
0,353,650908.35802,650908.35802,4104930.179618,650908.35802,679999.353282,202718299.551958,199293368.72562
0,354,294116.987849,294116.987849,3719047.814185,294116.987849,470237.810792,203012416.539807,199763606.536412
0,355,350794.324312,350794.324312,3599604.327706,350794.324312,496996.244805,203363210.864119,200260602.781217
0,356,340039.223593,340039.223593,3442647.306494,340039.223593,566637.966893,203703250.087712,200827240.74811
0,357,521676.045793,521676.045793,3397685.385394,521676.045793,719349.347805,204224926.133505,201546590.095915
0,358,469890.802245,469890.802245,3148226.839834,469890.802245,520801.098023,204694816.93575,202067391.193938
0,359,221170.701835,221170.701835,2848596.443647,221170.701835,650908.35802,204915987.637585,202718299.551958
0,360,326222.077324,326222.077324,2523910.162952,326222.077324,294116.987849,205242209.714909,203012416.539807
0,361,414374.807059,414374.807059,2644167.982161,414374.807059,350794.324312,205656584.521968,203363210.864119
0,362,263708.609643,263708.609643,2557082.267492,263708.609643,340039.223593,205920293.131611,203703250.087712
0,363,416097.163595,416097.163595,2633140.207494,416097.163595,521676.045793,206336390.295206,204224926.133505
0,364,491928.688301,491928.688301,2603392.850002,491928.688301,469890.802245,206828318.983507,204694816.93575
0,365,1121980.645735,1121980.645735,3255482.693492,1121980.645735,221170.701835,207950299.629242,204915987.637585
0,366,1290798.536609,1290798.536609,4325110.528266,1290798.536609,326222.077324,209241098.165851,205242209.714909
0,367,641162.282633,641162.282633,4640050.733575,641162.282633,414374.807059,209882260.448484,205656584.521968
0,368,441480.324237,441480.324237,4667156.250753,441480.324237,263708.609643,210323740.772721,205920293.131611
0,369,539209.787519,539209.787519,4942657.428629,539209.787519,416097.163595,210862950.56024,206336390.295206
0,370,750980.208847,750980.208847,5277540.473882,750980.208847,491928.688301,211613930.769087,206828318.983507
0,371,766459.065678,766459.065678,5552070.851259,766459.065678,1121980.645735,212380389.834765,207950299.629242
0,372,327580.139718,327580.139718,4757670.345242,327580.139718,1290798.536609,212707969.974483,209241098.165851
0,373,439418.6557,439418.6557,3906290.464333,439418.6557,641162.282633,213147388.630183,209882260.448484
0,374,702161.731474,702161.731474,3967289.913174,702161.731474,441480.324237,213849550.361657,210323740.772721
0,375,572516.556229,572516.556229,4098326.145166,572516.556229,539209.787519,214422066.917886,210862950.56024
0,376,671193.070078,671193.070078,4230309.427725,671193.070078,750980.208847,215093259.987964,211613930.769087
0,377,820917.623136,820917.623136,4300246.842013,820917.623136,766459.065678,215914177.6111,212380389.834765
0,378,1002619.06717,1002619.06717,4536406.843505,1002619.06717,327580.139718,216916796.67827,212707969.974483
0,379,865399.358305,865399.358305,5074226.062092,865399.358305,439418.6557,217782196.036575,213147388.630183
0,380,932055.853106,932055.853106,5566863.259497,932055.853106,702161.731474,218714251.889681,213849550.361657
0,381,507600.707887,507600.707887,5372302.23591,507600.707887,572516.556229,219221852.597568,214422066.917886
0,382,458522.676721,458522.676721,5258308.356403,458522.676721,671193.070078,219680375.274289,215093259.987964
0,383,309869.031964,309869.031964,4896984.318289,309869.031964,820917.623136,219990244.306253,215914177.6111
0,384,379667.688792,379667.688792,4455734.383945,379667.688792,1002619.06717,220369911.995045,216916796.67827
0,385,502088.615395,502088.615395,3955203.93217,502088.615395,865399.358305,220872000.61044,217782196.036575
0,386,323461.714307,323461.714307,3413266.288172,323461.714307,932055.853106,221195462.324747,218714251.889681
0,387,481964.386615,481964.386615,2963174.821681,481964.386615,507600.707887,221677426.711362,219221852.597568
0,388,481165.571081,481165.571081,2936739.684874,481165.571081,458522.676721,222158592.282443,219680375.274289
0,389,1352148.574868,1352148.574868,3830365.583021,1352148.574868,309869.031964,223510740.857311,219990244.306253
0,390,1400727.024771,1400727.024771,4921223.575829,1400727.024771,379667.688792,224911467.882082,220369911.995045
0,391,628254.591114,628254.591114,5169810.478151,628254.591114,502088.615395,225539722.473196,220872000.61044
0,392,442492.674182,442492.674182,5110214.536938,442492.674182,323461.714307,225982215.147378,221195462.324747
0,393,585024.596379,585024.596379,5371777.419009,585024.596379,481964.386615,226567239.743757,221677426.711362
0,394,460021.39177,460021.39177,5349834.424165,460021.39177,481165.571081,227027261.135527,222158592.282443
0,395,679999.353282,679999.353282,5548668.206367,679999.353282,1352148.574868,227707260.488809,223510740.857311
0,396,470237.810792,470237.810792,4666757.442291,470237.810792,1400727.024771,228177498.299601,224911467.882082
0,397,496996.244805,496996.244805,3763026.662324,496996.244805,628254.591114,228674494.544406,225539722.473196
0,398,566637.966893,566637.966893,3701410.038103,566637.966893,442492.674182,229241132.511299,225982215.147378
0,399,719349.347805,719349.347805,3978266.711725,719349.347805,585024.596379,229960481.859104,226567239.743757
0,400,520801.098023,520801.098023,3914043.213369,520801.098023,460021.39177,230481282.957127,227027261.135527
0,401,650908.35802,650908.35802,4104930.179618,650908.35802,679999.353282,231132191.315147,227707260.488809
0,402,294116.987849,294116.987849,3719047.814185,294116.987849,470237.810792,231426308.302996,228177498.299601
0,403,350794.324312,350794.324312,3599604.327706,350794.324312,496996.244805,231777102.627308,228674494.544406
0,404,340039.223593,340039.223593,3442647.306494,340039.223593,566637.966893,232117141.850901,229241132.511299
0,405,521676.045793,521676.045793,3397685.385394,521676.045793,719349.347805,232638817.896694,229960481.859104
0,406,469890.802245,469890.802245,3148226.839834,469890.802245,520801.098023,233108708.698939,230481282.957127
0,407,221170.701835,221170.701835,2848596.443647,221170.701835,650908.35802,233329879.400774,231132191.315147
0,408,326222.077324,326222.077324,2523910.162952,326222.077324,294116.987849,233656101.478098,231426308.302996
0,409,414374.807059,414374.807059,2644167.982161,414374.807059,350794.324312,234070476.285157,231777102.627308
0,410,263708.609643,263708.609643,2557082.267492,263708.609643,340039.223593,234334184.8948,232117141.850901
0,411,416097.163595,416097.163595,2633140.207494,416097.163595,521676.045793,234750282.058395,232638817.896694
0,412,491928.688301,491928.688301,2603392.850002,491928.688301,469890.802245,235242210.746696,233108708.698939
0,413,1121980.645735,1121980.645735,3255482.693492,1121980.645735,221170.701835,236364191.392431,233329879.400774
0,414,1290798.536609,1290798.536609,4325110.528266,1290798.536609,326222.077324,237654989.92904,233656101.478098
0,415,641162.282633,641162.282633,4640050.733575,641162.282633,414374.807059,238296152.211673,234070476.285157
0,416,441480.324237,441480.324237,4667156.250753,441480.324237,263708.609643,238737632.53591,234334184.8948
0,417,539209.787519,539209.787519,4942657.428629,539209.787519,416097.163595,239276842.323429,234750282.058395
0,418,750980.208847,750980.208847,5277540.473882,750980.208847,491928.688301,240027822.532276,235242210.746696
0,419,766459.065678,766459.065678,5552070.851259,766459.065678,1121980.645735,240794281.597954,236364191.392431
0,420,327580.139718,327580.139718,4757670.345242,327580.139718,1290798.536609,241121861.737672,237654989.92904
0,421,439418.6557,439418.6557,3906290.464333,439418.6557,641162.282633,241561280.393372,238296152.211673
0,422,702161.731474,702161.731474,3967289.913174,702161.731474,441480.324237,242263442.124846,238737632.53591
0,423,572516.556229,572516.556229,4098326.145166,572516.556229,539209.787519,242835958.681075,239276842.323429
0,424,671193.070078,671193.070078,4230309.427725,671193.070078,750980.208847,243507151.751153,240027822.532276
0,425,820917.623136,820917.623136,4300246.842013,820917.623136,766459.065678,244328069.374289,240794281.597954
0,426,1002619.06717,1002619.06717,4536406.843505,1002619.06717,327580.139718,245330688.441459,241121861.737672
0,427,865399.358305,865399.358305,5074226.062092,865399.358305,439418.6557,246196087.799764,241561280.393372
0,428,932055.853106,932055.853106,5566863.259497,932055.853106,702161.731474,247128143.65287,242263442.124846
0,429,507600.707887,507600.707887,5372302.23591,507600.707887,572516.556229,247635744.360757,242835958.681075
0,430,458522.676721,458522.676721,5258308.356403,458522.676721,671193.070078,248094267.037478,243507151.751153
0,431,309869.031964,309869.031964,4896984.318289,309869.031964,820917.623136,248404136.069442,244328069.374289
0,432,379667.688792,379667.688792,4455734.383945,379667.688792,1002619.06717,248783803.758234,245330688.441459
0,433,502088.615395,502088.615395,3955203.93217,502088.615395,865399.358305,249285892.373629,246196087.799764
0,434,323461.714307,323461.714307,3413266.288172,323461.714307,932055.853106,249609354.087936,247128143.65287
0,435,481964.386615,481964.386615,2963174.821681,481964.386615,507600.707887,250091318.474551,247635744.360757
0,436,481165.571081,481165.571081,2936739.684874,481165.571081,458522.676721,250572484.045632,248094267.037478
0,437,1352148.574868,1352148.574868,3830365.583021,1352148.574868,309869.031964,251924632.6205,248404136.069442
0,438,1400727.024771,1400727.024771,4921223.575829,1400727.024771,379667.688792,253325359.645271,248783803.758234
0,439,628254.591114,628254.591114,5169810.478151,628254.591114,502088.615395,253953614.236385,249285892.373629
0,440,442492.674182,442492.674182,5110214.536938,442492.674182,323461.714307,254396106.910567,249609354.087936
0,441,585024.596379,585024.596379,5371777.419009,585024.596379,481964.386615,254981131.506946,250091318.474551
0,442,460021.39177,460021.39177,5349834.424165,460021.39177,481165.571081,255441152.898716,250572484.045632
0,443,679999.353282,679999.353282,5548668.206367,679999.353282,1352148.574868,256121152.251998,251924632.6205
0,444,470237.810792,470237.810792,4666757.442291,470237.810792,1400727.024771,256591390.06279,253325359.645271
0,445,496996.244805,496996.244805,3763026.662324,496996.244805,628254.591114,257088386.307595,253953614.236385
0,446,566637.966893,566637.966893,3701410.038103,566637.966893,442492.674182,257655024.274488,254396106.910567
0,447,719349.347805,719349.347805,3978266.711725,719349.347805,585024.596379,258374373.622293,254981131.506946
0,448,520801.098023,520801.098023,3914043.213369,520801.098023,460021.39177,258895174.720316,255441152.898716
0,449,650908.35802,650908.35802,4104930.179618,650908.35802,679999.353282,259546083.078336,256121152.251998
0,450,294116.987849,294116.987849,3719047.814185,294116.987849,470237.810792,259840200.066185,256591390.06279
0,451,350794.324312,350794.324312,3599604.327706,350794.324312,496996.244805,260190994.390497,257088386.307595
0,452,340039.223593,340039.223593,3442647.306494,340039.223593,566637.966893,260531033.61409,257655024.274488
0,453,521676.045793,521676.045793,3397685.385394,521676.045793,719349.347805,261052709.659883,258374373.622293
0,454,469890.802245,469890.802245,3148226.839834,469890.802245,520801.098023,261522600.462128,258895174.720316
0,455,221170.701835,221170.701835,2848596.443647,221170.701835,650908.35802,261743771.163963,259546083.078336
0,456,326222.077324,326222.077324,2523910.162952,326222.077324,294116.987849,262069993.241287,259840200.066185
0,457,414374.807059,414374.807059,2644167.982161,414374.807059,350794.324312,262484368.048346,260190994.390497
0,458,263708.609643,263708.609643,2557082.267492,263708.609643,340039.223593,262748076.657989,260531033.61409
0,459,416097.163595,416097.163595,2633140.207494,416097.163595,521676.045793,263164173.821584,261052709.659883
0,460,491928.688301,491928.688301,2603392.850002,491928.688301,469890.802245,263656102.509885,261522600.462128
0,461,1121980.645735,1121980.645735,3255482.693492,1121980.645735,221170.701835,264778083.15562,261743771.163963
0,462,1290798.536609,1290798.536609,4325110.528266,1290798.536609,326222.077324,266068881.692229,262069993.241287
0,463,641162.282633,641162.282633,4640050.733575,641162.282633,414374.807059,266710043.974862,262484368.048346
0,464,441480.324237,441480.324237,4667156.250753,441480.324237,263708.609643,267151524.299099,262748076.657989
0,465,539209.787519,539209.787519,4942657.428629,539209.787519,416097.163595,267690734.086618,263164173.821584
0,466,750980.208847,750980.208847,5277540.473882,750980.208847,491928.688301,268441714.295465,263656102.509885
0,467,766459.065678,766459.065678,5552070.851259,766459.065678,1121980.645735,269208173.361143,264778083.15562
0,468,327580.139718,327580.139718,4757670.345242,327580.139718,1290798.536609,269535753.500861,266068881.692229
0,469,439418.6557,439418.6557,3906290.464333,439418.6557,641162.282633,269975172.156561,266710043.974862
0,470,702161.731474,702161.731474,3967289.913174,702161.731474,441480.324237,270677333.888035,267151524.299099
0,471,572516.556229,572516.556229,4098326.145166,572516.556229,539209.787519,271249850.444264,267690734.086618
0,472,671193.070078,671193.070078,4230309.427725,671193.070078,750980.208847,271921043.514342,268441714.295465
0,473,820917.623136,820917.623136,4300246.842013,820917.623136,766459.065678,272741961.137478,269208173.361143
0,474,1002619.06717,1002619.06717,4536406.843505,1002619.06717,327580.139718,273744580.204648,269535753.500861
0,475,865399.358305,865399.358305,5074226.062092,865399.358305,439418.6557,274609979.562953,269975172.156561
0,476,932055.853106,932055.853106,5566863.259497,932055.853106,702161.731474,275542035.416059,270677333.888035
0,477,507600.707887,507600.707887,5372302.23591,507600.707887,572516.556229,276049636.123946,271249850.444264
0,478,458522.676721,458522.676721,5258308.356403,458522.676721,671193.070078,276508158.800667,271921043.514342
0,479,309869.031964,309869.031964,4896984.318289,309869.031964,820917.623136,276818027.832631,272741961.137478
0,480,326222.077324,326222.077324,4402288.772477,326222.077324,1002619.06717,277144249.909955,273744580.204648
0,481,414374.807059,414374.807059,3814044.512366,414374.807059,865399.358305,277558624.717014,274609979.562953
0,482,263708.609643,263708.609643,3212353.763703,263708.609643,932055.853106,277822333.326657,275542035.416059
0,483,416097.163595,416097.163595,2696395.074192,416097.163595,507600.707887,278238430.490252,276049636.123946
0,484,491928.688301,491928.688301,2680723.054607,491928.688301,458522.676721,278730359.178553,276508158.800667
0,485,1121980.645735,1121980.645735,3344181.02362,1121980.645735,309869.031964,279852339.824288,276818027.832631
0,486,1290798.536609,1290798.536609,4325110.528266,1290798.536609,326222.077324,281143138.360897,277144249.909955
0,487,641162.282633,641162.282633,4640050.733575,641162.282633,414374.807059,281784300.64353,277558624.717014
0,488,441480.324237,441480.324237,4667156.250753,441480.324237,263708.609643,282225780.967767,277822333.326657
0,489,539209.787519,539209.787519,4942657.428629,539209.787519,416097.163595,282764990.755286,278238430.490252
0,490,750980.208847,750980.208847,5277540.473882,750980.208847,491928.688301,283515970.964133,278730359.178553
0,491,766459.065678,766459.065678,5552070.851259,766459.065678,1121980.645735,284282430.029811,279852339.824288
0,492,327580.139718,327580.139718,4757670.345242,327580.139718,1290798.536609,284610010.169529,281143138.360897
0,493,439418.6557,439418.6557,3906290.464333,439418.6557,641162.282633,285049428.825229,281784300.64353
0,494,702161.731474,702161.731474,3967289.913174,702161.731474,441480.324237,285751590.556703,282225780.967767
0,495,572516.556229,572516.556229,4098326.145166,572516.556229,539209.787519,286324107.112932,282764990.755286
0,496,671193.070078,671193.070078,4230309.427725,671193.070078,750980.208847,286995300.18301,283515970.964133
0,497,820917.623136,820917.623136,4300246.842013,820917.623136,766459.065678,287816217.806146,284282430.029811
0,498,1002619.06717,1002619.06717,4536406.843505,1002619.06717,327580.139718,288818836.873316,284610010.169529
0,499,865399.358305,865399.358305,5074226.062092,865399.358305,439418.6557,289684236.231621,285049428.825229
0,500,932055.853106,932055.853106,5566863.259497,932055.853106,702161.731474,290616292.084727,285751590.556703
0,501,507600.707887,507600.707887,5372302.23591,507600.707887,572516.556229,291123892.792614,286324107.112932
0,502,458522.676721,458522.676721,5258308.356403,458522.676721,671193.070078,291582415.469335,286995300.18301
0,503,309869.031964,309869.031964,4896984.318289,309869.031964,820917.623136,291892284.501299,287816217.806146
0,504,681029.242389,681029.242389,4757095.937541,681029.242389,1002619.06717,292573313.743688,288818836.873316
0,505,583389.299705,583389.299705,4337866.170077,583389.299705,865399.358305,293156703.043393,289684236.231621
0,506,381840.790854,381840.790854,3854307.602625,381840.790854,932055.853106,293538543.834247,290616292.084727
0,507,506251.437097,506251.437097,3428503.186616,506251.437097,507600.707887,294044795.271344,291123892.792614
0,508,580552.226351,580552.226351,3501454.705081,580552.226351,458522.676721,294625347.497695,291582415.469335
0,509,972113.491621,972113.491621,4015045.519981,972113.491621,309869.031964,295597460.989316,291892284.501299
0,510,1069553.062874,1069553.062874,4774729.550891,1069553.062874,681029.242389,296667014.05219,292573313.743688
0,511,663877.835671,663877.835671,4757578.144173,663877.835671,583389.299705,297330891.887861,293156703.043393
0,512,516835.771361,516835.771361,4691024.615828,516835.771361,381840.790854,297847727.659222,293538543.834247
0,513,415982.775467,415982.775467,4725166.600442,415982.775467,506251.437097,298263710.434689,294044795.271344
0,514,463210.157108,463210.157108,4682125.320453,463210.157108,580552.226351,298726920.591797,294625347.497695
0,515,831597.860379,831597.860379,4933170.954481,831597.860379,972113.491621,299558518.452176,295597460.989316
0,516,499901.705349,499901.705349,4460959.168208,499901.705349,1069553.062874,300058420.157525,296667014.05219
0,517,309278.015727,309278.015727,3700684.121062,309278.015727,663877.835671,300367698.173252,297330891.887861
0,518,393128.753229,393128.753229,3429935.038619,393128.753229,516835.771361,300760826.926481,297847727.659222
0,519,622477.810228,622477.810228,3535577.077486,622477.810228,415982.775467,301383304.736709,298263710.434689
0,520,613521.462241,613521.462241,3733115.76426,613521.462241,463210.157108,301996826.19895,298726920.591797
0,521,371897.88254,371897.88254,3641803.489692,371897.88254,831597.860379,302368724.08149,299558518.452176
0,522,353779.025275,353779.025275,3163984.654589,353779.025275,499901.705349,302722503.106765,300058420.157525
0,523,381745.43335,381745.43335,3045828.38259,381745.43335,309278.015727,303104248.540115,300367698.173252
0,524,374900.486555,374900.486555,3111450.853418,374900.486555,393128.753229,303479149.02667,300760826.926481
0,525,512658.688817,512658.688817,3230980.789006,512658.688817,622477.810228,303991807.715487,301383304.736709
0,526,434854.524208,434854.524208,3043357.502986,434854.524208,613521.462241,304426662.239695,301996826.19895
0,527,502977.524008,502977.524008,2932813.564754,502977.524008,371897.88254,304929639.763703,302368724.08149
0,528,407009.946047,407009.946047,2967925.628261,407009.946047,353779.025275,305336649.70975,302722503.106765
0,529,412096.600688,412096.600688,3026243.203673,412096.600688,381745.43335,305748746.310438,303104248.540115
0,530,313426.48465,313426.48465,2957924.254973,313426.48465,374900.486555,306062172.795088,303479149.02667
0,531,425264.998689,425264.998689,3008288.767107,425264.998689,512658.688817,306487437.793777,303991807.715487
0,532,474263.230666,474263.230666,2969893.308956,474263.230666,434854.524208,306961701.024443,304426662.239695
0,533,521815.407429,521815.407429,3056854.192177,521815.407429,502977.524008,307483516.431872,304929639.763703
0,534,1251697.256111,1251697.256111,3805573.924279,1251697.256111,407009.946047,308735213.687983,305336649.70975
0,535,735047.237068,735047.237068,4133611.2153,735047.237068,412096.600688,309470260.925051,305748746.310438
0,536,485671.859439,485671.859439,4207186.474051,485671.859439,313426.48465,309955932.78449,306062172.795088
0,537,746470.808781,746470.808781,4640230.798183,746470.808781,425264.998689,310702403.593271,306487437.793777
0,538,612057.320587,612057.320587,4827023.120081,612057.320587,474263.230666,311314460.913858,306961701.024443
0,539,638250.016993,638250.016993,4991009.906408,638250.016993,521815.407429,311952710.930851,307483516.431872
0,540,1106568.451006,1106568.451006,5575762.949985,1106568.451006,1251697.256111,313059279.381857,308735213.687983
0,541,836919.287961,836919.287961,5160984.981836,836919.287961,735047.237068,313896198.669818,309470260.925051
0,542,800135.056068,800135.056068,5226072.800836,800135.056068,485671.859439,314696333.725886,309955932.78449
0,543,815216.331954,815216.331954,5555617.27335,815216.331954,746470.808781,315511550.05784,310702403.593271
0,544,457356.359779,457356.359779,5266502.824348,457356.359779,612057.320587,315968906.417619,311314460.913858
0,545,453373.466161,453373.466161,5107818.969922,453373.466161,638250.016993,316422279.88378,311952710.930851
0,546,539835.598231,539835.598231,5009404.55116,539835.598231,1106568.451006,316962115.482011,313059279.381857
0,547,259553.947697,259553.947697,4162390.047851,259553.947697,836919.287961,317221669.429708,313896198.669818
0,548,341166.041446,341166.041446,3666636.801335,341166.041446,800135.056068,317562835.471154,314696333.725886
0,549,580474.540911,580474.540911,3446976.286179,580474.540911,815216.331954,318143310.012065,315511550.05784
0,550,496187.565451,496187.565451,3127947.519677,496187.565451,457356.359779,318639497.577516,315968906.417619
0,551,357659.400314,357659.400314,3028250.560212,357659.400314,453373.466161,318997156.97783,316422279.88378
0,552,416855.168551,416855.168551,2991732.262602,416855.168551,539835.598231,319414012.146381,316962115.482011
0,553,640640.533823,640640.533823,3092537.198195,640640.533823,259553.947697,320054652.680204,317221669.429708
0,554,392220.512035,392220.512035,3225203.762533,392220.512035,341166.041446,320446873.192239,317562835.471154
0,555,592201.51937,592201.51937,3476239.240457,592201.51937,580474.540911,321039074.711609,318143310.012065
0,556,618113.441563,618113.441563,3513878.141109,618113.441563,496187.565451,321657188.153172,318639497.577516
0,557,1812670.230748,1812670.230748,4830360.806406,1812670.230748,357659.400314,323469858.38392,318997156.97783
0,558,1466829.729807,1466829.729807,5939531.135899,1466829.729807,416855.168551,324936688.113727,319414012.146381
0,559,1187576.52657,1187576.52657,6710252.493918,1187576.52657,640640.533823,326124264.640297,320054652.680204
0,560,1249165.264381,1249165.264381,7318777.224475,1249165.264381,392220.512035,327373429.904678,320446873.192239
0,561,846238.89834,846238.89834,7772795.61078,846238.89834,592201.51937,328219668.803018,321039074.711609
0,562,327128.037048,327128.037048,7507722.128458,327128.037048,618113.441563,328546796.840066,321657188.153172
0,563,625039.571184,625039.571184,7514648.258078,625039.571184,1812670.230748,329171836.41125,323469858.38392
0,564,1719493.341622,1719493.341622,7421471.368952,1719493.341622,1466829.729807,330891329.752872,324936688.113727
0,565,1811538.724532,1811538.724532,7766180.363676,1811538.724532,1187576.52657,332702868.477404,326124264.640297
0,566,1808718.240451,1808718.240451,8387322.077558,1808718.240451,1249165.264381,334511586.717855,327373429.904678
0,567,585016.883818,585016.883818,7723173.696995,585016.883818,846238.89834,335096603.601673,328219668.803018
0,568,329899.952932,329899.952932,7206834.751587,329899.952932,327128.037048,335426503.554605,328546796.840066
0,569,257033.28745,257033.28745,7136740.001989,257033.28745,625039.571184,335683536.842055,329171836.41125
0,570,172771.588038,172771.588038,6684472.018843,172771.588038,1719493.341622,335856308.430093,330891329.752872
0,571,193252.950342,193252.950342,5158231.627564,193252.950342,1811538.724532,336049561.380435,332702868.477404
0,572,213848.382774,213848.382774,3560541.285806,213848.382774,1808718.240451,336263409.763209,334511586.717855
0,573,210932.426383,210932.426383,1962755.471738,210932.426383,585016.883818,336474342.189592,335096603.601673
0,574,280154.944331,280154.944331,1657893.53225,280154.944331,329899.952932,336754497.133923,335426503.554605
0,575,249308.927252,249308.927252,1577302.50657,249308.927252,257033.28745,337003806.061175,335683536.842055
0,576,326222.077324,326222.077324,1646491.296444,326222.077324,172771.588038,337330028.138499,335856308.430093
0,577,414374.807059,414374.807059,1888094.515465,414374.807059,193252.950342,337744402.945558,336049561.380435
0,578,263708.609643,263708.609643,1958550.174766,263708.609643,213848.382774,338008111.555201,336263409.763209
0,579,416097.163595,416097.163595,2160798.955586,416097.163595,210932.426383,338424208.718796,336474342.189592
0,580,491928.688301,491928.688301,2441795.217504,491928.688301,280154.944331,338916137.407097,336754497.133923
0,581,1121980.645735,1121980.645735,3283620.918909,1121980.645735,249308.927252,340038118.052832,337003806.061175
0,582,1290798.536609,1290798.536609,4325110.528266,1290798.536609,326222.077324,341328916.589441,337330028.138499
0,583,641162.282633,641162.282633,4640050.733575,641162.282633,414374.807059,341970078.872074,337744402.945558
0,584,441480.324237,441480.324237,4667156.250753,441480.324237,263708.609643,342411559.196311,338008111.555201
0,585,539209.787519,539209.787519,4942657.428629,539209.787519,416097.163595,342950768.98383,338424208.718796
0,586,750980.208847,750980.208847,5277540.473882,750980.208847,491928.688301,343701749.192677,338916137.407097
0,587,766459.065678,766459.065678,5552070.851259,766459.065678,1121980.645735,344468208.258355,340038118.052832
0,588,327580.139718,327580.139718,4757670.345242,327580.139718,1290798.536609,344795788.398073,341328916.589441
0,589,439418.6557,439418.6557,3906290.464333,439418.6557,641162.282633,345235207.053773,341970078.872074
0,590,702161.731474,702161.731474,3967289.913174,702161.731474,441480.324237,345937368.785247,342411559.196311
0,591,572516.556229,572516.556229,4098326.145166,572516.556229,539209.787519,346509885.341476,342950768.98383
0,592,671193.070078,671193.070078,4230309.427725,671193.070078,750980.208847,347181078.411554,343701749.192677
0,593,820917.623136,820917.623136,4300246.842013,820917.623136,766459.065678,348001996.03469,344468208.258355
0,594,1002619.06717,1002619.06717,4536406.843505,1002619.06717,327580.139718,349004615.10186,344795788.398073
0,595,865399.358305,865399.358305,5074226.062092,865399.358305,439418.6557,349870014.460165,345235207.053773
0,596,932055.853106,932055.853106,5566863.259497,932055.853106,702161.731474,350802070.313271,345937368.785247
0,597,507600.707887,507600.707887,5372302.23591,507600.707887,572516.556229,351309671.021158,346509885.341476
0,598,458522.676721,458522.676721,5258308.356403,458522.676721,671193.070078,351768193.697879,347181078.411554
0,599,309869.031964,309869.031964,4896984.318289,309869.031964,820917.623136,352078062.729843,348001996.03469
0,600,681029.242389,681029.242389,4757095.937541,681029.242389,1002619.06717,352759091.972232,349004615.10186
0,601,583389.299705,583389.299705,4337866.170077,583389.299705,865399.358305,353342481.271937,349870014.460165
0,602,381840.790854,381840.790854,3854307.602625,381840.790854,932055.853106,353724322.062791,350802070.313271
0,603,506251.437097,506251.437097,3428503.186616,506251.437097,507600.707887,354230573.499888,351309671.021158
0,604,580552.226351,580552.226351,3501454.705081,580552.226351,458522.676721,354811125.726239,351768193.697879
0,605,972113.491621,972113.491621,4015045.519981,972113.491621,309869.031964,355783239.21786,352078062.729843
0,606,1069553.062874,1069553.062874,4774729.550891,1069553.062874,681029.242389,356852792.280734,352759091.972232
0,607,663877.835671,663877.835671,4757578.144173,663877.835671,583389.299705,357516670.116405,353342481.271937
0,608,516835.771361,516835.771361,4691024.615828,516835.771361,381840.790854,358033505.887766,353724322.062791
0,609,415982.775467,415982.775467,4725166.600442,415982.775467,506251.437097,358449488.663233,354230573.499888
0,610,463210.157108,463210.157108,4682125.320453,463210.157108,580552.226351,358912698.820341,354811125.726239
0,611,831597.860379,831597.860379,4933170.954481,831597.860379,972113.491621,359744296.68072,355783239.21786
0,612,499901.705349,499901.705349,4460959.168208,499901.705349,1069553.062874,360244198.386069,356852792.280734
0,613,309278.015727,309278.015727,3700684.121062,309278.015727,663877.835671,360553476.401796,357516670.116405
0,614,393128.753229,393128.753229,3429935.038619,393128.753229,516835.771361,360946605.155025,358033505.887766
0,615,622477.810228,622477.810228,3535577.077486,622477.810228,415982.775467,361569082.965253,358449488.663233
0,616,613521.462241,613521.462241,3733115.76426,613521.462241,463210.157108,362182604.427494,358912698.820341
0,617,371897.88254,371897.88254,3641803.489692,371897.88254,831597.860379,362554502.310034,359744296.68072
0,618,353779.025275,353779.025275,3163984.654589,353779.025275,499901.705349,362908281.335309,360244198.386069
0,619,381745.43335,381745.43335,3045828.38259,381745.43335,309278.015727,363290026.768659,360553476.401796
0,620,374900.486555,374900.486555,3111450.853418,374900.486555,393128.753229,363664927.255214,360946605.155025
0,621,512658.688817,512658.688817,3230980.789006,512658.688817,622477.810228,364177585.944031,361569082.965253
0,622,434854.524208,434854.524208,3043357.502986,434854.524208,613521.462241,364612440.468239,362182604.427494
0,623,502977.524008,502977.524008,2932813.564754,502977.524008,371897.88254,365115417.992247,362554502.310034
0,624,382499.931499,382499.931499,2943415.613713,382499.931499,353779.025275,365497917.923746,362908281.335309
0,625,376081.812756,376081.812756,2965718.401193,376081.812756,381745.43335,365873999.736502,363290026.768659
0,626,371232.900744,371232.900744,2955205.868587,371232.900744,374900.486555,366245232.637246,363664927.255214
0,627,368496.874587,368496.874587,2948802.25662,368496.874587,512658.688817,366613729.511833,364177585.944031
0,628,485485.640692,485485.640692,2921629.208495,485485.640692,434854.524208,367099215.152525,364612440.468239
0,629,722462.944864,722462.944864,3209237.629151,722462.944864,502977.524008,367821678.097389,365115417.992247
0,630,1361953.386795,1361953.386795,4068213.491938,1361953.386795,382499.931499,369183631.484184,365497917.923746
0,631,637677.215284,637677.215284,4323390.775723,637677.215284,376081.812756,369821308.699468,365873999.736502
0,632,812170.256126,812170.256126,4759479.219093,812170.256126,371232.900744,370633478.955594,366245232.637246
0,633,867270.208338,867270.208338,5255516.526687,867270.208338,368496.874587,371500749.163932,366613729.511833
0,634,665013.405813,665013.405813,5552033.057913,665013.405813,485485.640692,372165762.569745,367099215.152525
0,635,508459.899675,508459.899675,5575007.316896,508459.899675,722462.944864,372674222.46942,367821678.097389
0,636,501531.867406,501531.867406,5354076.239437,501531.867406,1361953.386795,373175754.336826,369183631.484184
0,637,687002.629043,687002.629043,4679125.481685,687002.629043,637677.215284,373862756.965869,369821308.699468
0,638,479971.902671,479971.902671,4521420.169073,479971.902671,812170.256126,374342728.86854,370633478.955594
0,639,503749.296317,503749.296317,4212999.209263,503749.296317,867270.208338,374846478.164857,371500749.163932
0,640,754466.147607,754466.147607,4100195.148533,754466.147607,665013.405813,375600944.312464,372165762.569745
0,641,980275.118919,980275.118919,4415456.861639,980275.118919,508459.899675,376581219.431383,372674222.46942
0,642,294330.486638,294330.486638,4201327.448602,294330.486638,501531.867406,376875549.918021,373175754.336826
0,643,350213.515442,350213.515442,4050009.096638,350213.515442,687002.629043,377225763.433463,373862756.965869
0,644,444799.38009,444799.38009,3807805.847685,444799.38009,479971.902671,377670562.813553,374342728.86854
0,645,546975.952062,546975.952062,3874809.897076,546975.952062,503749.296317,378217538.765615,374846478.164857
0,646,563273.816498,563273.816498,3934334.417257,563273.816498,754466.147607,378780812.582113,375600944.312464
0,647,353257.522192,353257.522192,3533125.791842,353257.522192,980275.118919,379134070.104305,376581219.431383
0,648,407009.946047,407009.946047,2959860.61897,407009.946047,294330.486638,379541080.050352,376875549.918021
0,649,412096.600688,412096.600688,3077626.733019,412096.600688,350213.515442,379953176.65104,377225763.433463
0,650,313426.48465,313426.48465,3040839.702227,313426.48465,444799.38009,380266603.13569,377670562.813553
0,651,425264.998689,425264.998689,3021305.320826,425264.998689,546975.952062,380691868.134379,378217538.765615
0,652,474263.230666,474263.230666,2948592.599429,474263.230666,563273.816498,381166131.365045,378780812.582113
0,653,521815.407429,521815.407429,2907134.19036,521815.407429,353257.522192,381687946.772474,379134070.104305
0,654,1251697.256111,1251697.256111,3805573.924279,1251697.256111,407009.946047,382939644.028585,379541080.050352
0,655,735047.237068,735047.237068,4133611.2153,735047.237068,412096.600688,383674691.265653,379953176.65104
0,656,485671.859439,485671.859439,4207186.474051,485671.859439,313426.48465,384160363.125092,380266603.13569
0,657,746470.808781,746470.808781,4640230.798183,746470.808781,425264.998689,384906833.933873,380691868.134379
0,658,612057.320587,612057.320587,4827023.120081,612057.320587,474263.230666,385518891.25446,381166131.365045
0,659,638250.016993,638250.016993,4991009.906408,638250.016993,521815.407429,386157141.271453,381687946.772474
0,660,1106568.451006,1106568.451006,5575762.949985,1106568.451006,1251697.256111,387263709.722459,382939644.028585
0,661,836919.287961,836919.287961,5160984.981836,836919.287961,735047.237068,388100629.01042,383674691.265653
0,662,800135.056068,800135.056068,5226072.800836,800135.056068,485671.859439,388900764.066488,384160363.125092
0,663,815216.331954,815216.331954,5555617.27335,815216.331954,746470.808781,389715980.398442,384906833.933873
0,664,457356.359779,457356.359779,5266502.824348,457356.359779,612057.320587,390173336.758221,385518891.25446
0,665,453373.466161,453373.466161,5107818.969922,453373.466161,638250.016993,390626710.224382,386157141.271453
0,666,539835.598231,539835.598231,5009404.55116,539835.598231,1106568.451006,391166545.822613,387263709.722459
0,667,259553.947697,259553.947697,4162390.047851,259553.947697,836919.287961,391426099.77031,388100629.01042
0,668,341166.041446,341166.041446,3666636.801335,341166.041446,800135.056068,391767265.811756,388900764.066488
0,669,580474.540911,580474.540911,3446976.286179,580474.540911,815216.331954,392347740.352667,389715980.398442
0,670,496187.565451,496187.565451,3127947.519677,496187.565451,457356.359779,392843927.918118,390173336.758221
0,671,357659.400314,357659.400314,3028250.560212,357659.400314,453373.466161,393201587.318432,390626710.224382
0,672,382499.931499,382499.931499,2957377.02555,382499.931499,539835.598231,393584087.249931,391166545.822613
0,673,376081.812756,376081.812756,2793623.240075,376081.812756,259553.947697,393960169.062687,391426099.77031
0,674,371232.900744,371232.900744,2905302.193122,371232.900744,341166.041446,394331401.963431,391767265.811756
0,675,368496.874587,368496.874587,2932633.026263,368496.874587,580474.540911,394699898.838018,392347740.352667
0,676,485485.640692,485485.640692,2837644.126044,485485.640692,496187.565451,395185384.47871,392843927.918118
0,677,722462.944864,722462.944864,3063919.505457,722462.944864,357659.400314,395907847.423574,393201587.318432
0,678,1361953.386795,1361953.386795,4068213.491938,1361953.386795,382499.931499,397269800.810369,393584087.249931
0,679,637677.215284,637677.215284,4323390.775723,637677.215284,376081.812756,397907478.025653,393960169.062687
0,680,812170.256126,812170.256126,4759479.219093,812170.256126,371232.900744,398719648.281779,394331401.963431
0,681,867270.208338,867270.208338,5255516.526687,867270.208338,368496.874587,399586918.490117,394699898.838018
0,682,665013.405813,665013.405813,5552033.057913,665013.405813,485485.640692,400251931.89593,395185384.47871
0,683,508459.899675,508459.899675,5575007.316896,508459.899675,722462.944864,400760391.795605,395907847.423574
0,684,501531.867406,501531.867406,5354076.239437,501531.867406,1361953.386795,401261923.663011,397269800.810369
0,685,687002.629043,687002.629043,4679125.481685,687002.629043,637677.215284,401948926.292054,397907478.025653
0,686,479971.902671,479971.902671,4521420.169073,479971.902671,812170.256126,402428898.194725,398719648.281779
0,687,503749.296317,503749.296317,4212999.209263,503749.296317,867270.208338,402932647.491042,399586918.490117
0,688,754466.147607,754466.147607,4100195.148533,754466.147607,665013.405813,403687113.638649,400251931.89593
0,689,980275.118919,980275.118919,4415456.861639,980275.118919,508459.899675,404667388.757568,400760391.795605
0,690,294330.486638,294330.486638,4201327.448602,294330.486638,501531.867406,404961719.244206,401261923.663011
0,691,350213.515442,350213.515442,4050009.096638,350213.515442,687002.629043,405311932.759648,401948926.292054
0,692,444799.38009,444799.38009,3807805.847685,444799.38009,479971.902671,405756732.139738,402428898.194725
0,693,546975.952062,546975.952062,3874809.897076,546975.952062,503749.296317,406303708.0918,402932647.491042
0,694,563273.816498,563273.816498,3934334.417257,563273.816498,754466.147607,406866981.908298,403687113.638649
0,695,353257.522192,353257.522192,3533125.791842,353257.522192,980275.118919,407220239.43049,404667388.757568
0,696,407009.946047,407009.946047,2959860.61897,407009.946047,294330.486638,407627249.376537,404961719.244206
0,697,412096.600688,412096.600688,3077626.733019,412096.600688,350213.515442,408039345.977225,405311932.759648
0,698,313426.48465,313426.48465,3040839.702227,313426.48465,444799.38009,408352772.461875,405756732.139738
0,699,425264.998689,425264.998689,3021305.320826,425264.998689,546975.952062,408778037.460564,406303708.0918
0,700,474263.230666,474263.230666,2948592.599429,474263.230666,563273.816498,409252300.69123,406866981.908298
0,701,521815.407429,521815.407429,2907134.19036,521815.407429,353257.522192,409774116.098659,407220239.43049
0,702,1251697.256111,1251697.256111,3805573.924279,1251697.256111,407009.946047,411025813.35477,407627249.376537
0,703,735047.237068,735047.237068,4133611.2153,735047.237068,412096.600688,411760860.591838,408039345.977225
0,704,485671.859439,485671.859439,4207186.474051,485671.859439,313426.48465,412246532.451277,408352772.461875
0,705,746470.808781,746470.808781,4640230.798183,746470.808781,425264.998689,412993003.260058,408778037.460564
0,706,612057.320587,612057.320587,4827023.120081,612057.320587,474263.230666,413605060.580645,409252300.69123
0,707,638250.016993,638250.016993,4991009.906408,638250.016993,521815.407429,414243310.597638,409774116.098659
0,708,1106568.451006,1106568.451006,5575762.949985,1106568.451006,1251697.256111,415349879.048644,411025813.35477
0,709,836919.287961,836919.287961,5160984.981836,836919.287961,735047.237068,416186798.336605,411760860.591838
0,710,800135.056068,800135.056068,5226072.800836,800135.056068,485671.859439,416986933.392673,412246532.451277
0,711,815216.331954,815216.331954,5555617.27335,815216.331954,746470.808781,417802149.724627,412993003.260058
0,712,457356.359779,457356.359779,5266502.824348,457356.359779,612057.320587,418259506.084406,413605060.580645
0,713,453373.466161,453373.466161,5107818.969922,453373.466161,638250.016993,418712879.550567,414243310.597638
0,714,539835.598231,539835.598231,5009404.55116,539835.598231,1106568.451006,419252715.148798,415349879.048644
0,715,259553.947697,259553.947697,4162390.047851,259553.947697,836919.287961,419512269.096495,416186798.336605
0,716,341166.041446,341166.041446,3666636.801335,341166.041446,800135.056068,419853435.137941,416986933.392673
0,717,580474.540911,580474.540911,3446976.286179,580474.540911,815216.331954,420433909.678852,417802149.724627
0,718,496187.565451,496187.565451,3127947.519677,496187.565451,457356.359779,420930097.244303,418259506.084406
0,719,357659.400336,357659.400336,3028250.560212,357659.400336,3028250.560233,421287756.644639,421287756.644639
