method,window,workload_replay_id,solver_status,nominal_operating_cost_usd,actual_operating_cost_usd,actual_carbon_kg,actual_curtailment_mwh,batch_adjustment_mwh,workload_envelope_violation_mwh,grid_limit_violation_mw,ramp_violation_mw,workload_violation,grid_limit_violation,ramp_violation
deterministic,2025-01-01,0,optimal,15749.16974500065,16573.07569130238,204402.28692788328,0.5655015134604098,36.919598416250565,1.9895196601282805e-13,0.0,6.106226635438361e-16,False,False,False
deterministic,2025-01-01,1,optimal,15749.16974500065,16632.917148620876,204659.10710906124,0.15359849435472572,48.57818554331649,5.684341886080802e-14,0.0,3.3306690738754696e-16,False,False,False
deterministic,2025-01-01,2,optimal,15749.16974500065,16475.389445281657,203394.2356605969,1.1571323759261338,31.901096303740335,1.4210854715202004e-13,0.0,3.3306690738754696e-16,False,False,False
deterministic,2025-01-01,3,optimal,15749.16974500065,16575.877345200737,204161.61399558818,0.6772018281300634,37.06851918966231,2.8421709430404007e-13,0.0,6.661338147750939e-16,False,False,False
deterministic,2025-01-01,4,optimal,15749.16974500065,16556.52319136344,204645.4253531806,0.3145139972538983,36.968478880080575,2.2737367544323206e-13,0.0,6.106226635438361e-16,False,False,False
deterministic,2025-01-01,5,optimal,15749.16974500065,16543.391889082977,203934.254325798,0.12949313342064817,42.21281730480837,1.9895196601282805e-13,0.0,6.661338147750939e-16,False,False,False
deterministic,2025-01-01,6,optimal,15749.16974500065,16473.43500232066,203831.45275944655,0.9798249347549511,34.14918316744508,2.5579538487363607e-13,0.0,3.3306690738754696e-16,False,False,False
deterministic,2025-01-01,7,optimal,15749.16974500065,16554.1931890103,204037.63510491894,0.3611454816055603,35.56477183115677,1.7053025658242404e-13,0.0,6.661338147750939e-16,False,False,False
deterministic,2025-01-01,8,optimal,15749.16974500065,16642.15239020615,204521.74267654048,1.0677080912149817,36.90169295430144,2.2737367544323206e-13,0.0,3.3306690738754696e-16,False,False,False
deterministic,2025-01-01,9,optimal,15749.16974500065,16601.84160534114,204030.14329982508,0.16951477539518256,47.028383630231694,1.9895196601282805e-13,0.0,6.661338147750939e-16,False,False,False
deterministic,2025-01-01,10,optimal,15749.16974500065,16493.22533754577,203736.66387386393,0.9079585274104286,38.110836941161786,1.1368683772161603e-13,0.0,3.3306690738754696e-16,False,False,False
deterministic,2025-01-01,11,optimal,15749.16974500065,16528.77723704846,204166.61399539176,0.9700805021665985,29.6475337123978,2.5579538487363607e-13,0.0,3.3306690738754696e-16,False,False,False
deterministic,2025-01-01,12,optimal,15749.16974500065,16467.70957132957,203408.28792680168,0.9988894018008122,32.815379260186106,1.1368683772161603e-13,0.0,6.106226635438361e-16,False,False,False
deterministic,2025-01-01,13,optimal,15749.16974500065,16531.98916337937,203974.1061942714,0.31145379817676294,37.837874676168674,8.526512829121202e-14,0.0,6.106226635438361e-16,False,False,False
deterministic,2025-01-01,14,optimal,15749.16974500065,16612.688834545486,204055.9542871408,0.8553036807639295,38.67380096185,1.4210854715202004e-13,0.0,6.661338147750939e-16,False,False,False
deterministic,2025-01-01,15,optimal,15749.16974500065,16508.64694790809,203970.74392415435,0.7858444556046844,30.36286966689775,1.4210854715202004e-13,0.0,3.3306690738754696e-16,False,False,False
deterministic,2025-01-01,16,optimal,15749.16974500065,16560.576621118384,204477.69996747858,0.8407709182727148,32.54553151004662,1.4210854715202004e-13,0.0,5.551115123125783e-16,False,False,False
deterministic,2025-01-01,17,optimal,15749.16974500065,16597.1384799743,203609.1656883279,0.29414121087918854,46.088080820205874,1.4210854715202004e-13,0.0,3.3306690738754696e-16,False,False,False
deterministic,2025-01-01,18,optimal,15749.16974500065,16624.869422884065,204348.6044175938,0.19905217743618403,43.34874050426639,2.2737367544323206e-13,0.0,3.3306690738754696e-16,False,False,False
deterministic,2025-01-01,19,optimal,15749.16974500065,16553.38947640784,204207.46016124624,1.250239370904002,38.86002136236891,1.4210854715202004e-13,0.0,1.1102230246251565e-16,False,False,False
deterministic,2025-01-01,20,optimal,15749.16974500065,16492.038319482595,203748.5465412476,0.6707951125246784,35.03959863872196,3.410605131648481e-13,0.0,5.551115123125783e-16,False,False,False
deterministic,2025-01-01,21,optimal,15749.16974500065,16431.3469966946,203515.44318840493,1.1619499058280969,32.44275859574813,1.1368683772161603e-13,0.0,3.3306690738754696e-16,False,False,False
deterministic,2025-01-01,22,optimal,15749.16974500065,16583.891996045797,204103.2279314898,0.9467054226735062,36.11569559655463,8.526512829121202e-14,0.0,3.3306690738754696e-16,False,False,False
deterministic,2025-01-01,23,optimal,15749.16974500065,16555.978466528602,203934.3004127657,0.7613851245908375,37.06164789018802,1.1368683772161603e-13,0.0,3.3306690738754696e-16,False,False,False
deterministic,2025-01-01,24,optimal,15749.16974500065,16692.36716373622,203956.48735874004,0.9086983381674449,39.951163061894206,8.526512829121202e-14,0.0,3.3306690738754696e-16,False,False,False
deterministic,2025-01-01,25,optimal,15749.16974500065,16477.535683059814,203918.04195781794,0.6901512585407922,32.39755532191222,1.4210854715202004e-13,0.0,3.3306690738754696e-16,False,False,False
deterministic,2025-01-01,26,optimal,15749.16974500065,16584.4126126512,204041.65461634917,0.27446299301471955,44.00898800098932,1.7053025658242404e-13,0.0,6.661338147750939e-16,False,False,False
deterministic,2025-01-01,27,optimal,15749.16974500065,16568.487782329634,203836.46388387852,0.4239936681465246,39.606239522057145,2.2737367544323206e-13,0.0,6.661338147750939e-16,False,False,False
deterministic,2025-01-01,28,optimal,15749.16974500065,16495.564895637846,203949.38486997096,1.0094895068966772,30.971740458277488,1.7053025658242404e-13,0.0,3.3306690738754696e-16,False,False,False
deterministic,2025-01-01,29,optimal,15749.16974500065,16385.621785448388,203554.4534599995,1.325733928515704,23.924206382409462,5.684341886080802e-14,0.0,3.3306690738754696e-16,False,False,False
deterministic,2025-01-01,30,optimal,15749.16974500065,16492.57541066121,204065.98630556502,0.8128543443385305,33.276668356377925,2.5579538487363607e-13,0.0,3.3306690738754696e-16,False,False,False
deterministic,2025-01-01,31,optimal,15749.16974500065,16533.252581111614,204185.44165726818,0.556482818430873,35.74485084035505,2.2737367544323206e-13,0.0,5.551115123125783e-16,False,False,False
deterministic,2025-01-01,32,optimal,15749.16974500065,16633.00455818608,204321.12782964399,0.397969041442364,37.59199698932535,1.9895196601282805e-13,0.0,1.1102230246251565e-16,False,False,False
deterministic,2025-01-01,33,optimal,15749.16974500065,16783.827277470144,204581.49561991103,0.10487616660322746,51.22825592255927,1.1368683772161603e-13,0.0,3.3306690738754696e-16,False,False,False
deterministic,2025-01-01,34,optimal,15749.16974500065,16693.64266600764,204676.60364017333,0.4098303162990081,41.157180591999854,2.2737367544323206e-13,0.0,3.3306690738754696e-16,False,False,False
deterministic,2025-01-01,35,optimal,15749.16974500065,16549.717099792306,203779.51161174846,0.24609336235777396,43.5102203849027,1.1368683772161603e-13,0.0,3.3306690738754696e-16,False,False,False
deterministic,2025-01-01,36,optimal,15749.16974500065,16707.847215324484,204561.44412579472,0.23947732901590643,45.71622360913252,3.126388037344441e-13,0.0,3.3306690738754696e-16,False,False,False
deterministic,2025-01-01,37,optimal,15749.16974500065,16466.922573641274,204224.09140270698,0.8315811616655379,29.585576961696475,1.9895196601282805e-13,0.0,3.3306690738754696e-16,False,False,False
deterministic,2025-01-01,38,optimal,15749.16974500065,16616.73266886234,204055.68524519523,0.9087179234721291,36.377168563525615,3.126388037344441e-13,0.0,6.661338147750939e-16,False,False,False
deterministic,2025-01-01,39,optimal,15749.16974500065,16371.239068657665,203528.16577644105,1.5173171209127583,23.803412412215888,2.5579538487363607e-13,0.0,3.3306690738754696e-16,False,False,False
deterministic,2025-01-01,40,optimal,15749.16974500065,16611.28582700758,204368.89028840914,1.7864728519899065,30.61074622011994,1.9895196601282805e-13,0.0,3.3306690738754696e-16,False,False,False
deterministic,2025-01-01,41,optimal,15749.16974500065,16448.1568219286,203936.0008111383,1.4064224176511508,22.861714928121504,2.5579538487363607e-13,0.0,6.661338147750939e-16,False,False,False
deterministic,2025-01-01,42,optimal,15749.16974500065,16723.852105611633,204601.7268091668,0.1260837834810372,40.85051884897498,1.9895196601282805e-13,0.0,6.661338147750939e-16,False,False,False
deterministic,2025-01-01,43,optimal,15749.16974500065,16542.7130593292,203864.6356310438,0.24153834070848956,40.75402665699246,2.2737367544323206e-13,0.0,6.106226635438361e-16,False,False,False
deterministic,2025-01-01,44,optimal,15749.16974500065,16518.895358296064,203631.10836215827,0.5232823868949058,37.16202437431481,1.7053025658242404e-13,0.0,3.3306690738754696e-16,False,False,False
deterministic,2025-01-01,45,optimal,15749.16974500065,16633.823525511612,204224.29038623796,0.39184518586917,42.67101677425675,1.7053025658242404e-13,0.0,6.661338147750939e-16,False,False,False
deterministic,2025-01-01,46,optimal,15749.16974500065,16522.35853909879,203929.49395082507,0.6091309395633253,39.329700531014836,1.4210854715202004e-13,0.0,3.3306690738754696e-16,False,False,False
deterministic,2025-01-01,47,optimal,15749.16974500065,16541.29994293252,204474.36878481135,0.9601426132135651,40.10738725516544,2.2737367544323206e-13,0.0,3.3306690738754696e-16,False,False,False
deterministic,2025-01-01,48,optimal,15749.16974500065,16586.864275828113,204013.80261030025,0.3234558268218233,38.0952587849101,1.7053025658242404e-13,0.0,9.992007221626409e-16,False,False,False
deterministic,2025-01-01,49,optimal,15749.16974500065,16554.02597287736,203914.45895199335,0.5061495424458046,38.786553811110565,1.9895196601282805e-13,0.0,3.3306690738754696e-16,False,False,False
deterministic,2025-01-01,50,optimal,15749.16974500065,16620.06456855121,204229.83454808008,0.6080907275472544,42.74432374273304,2.2737367544323206e-13,0.0,3.3306690738754696e-16,False,False,False
deterministic,2025-01-01,51,optimal,15749.16974500065,16543.057179190135,204316.2543646158,0.23933719078285343,38.07502639456434,1.7053025658242404e-13,0.0,6.106226635438361e-16,False,False,False
deterministic,2025-01-01,52,optimal,15749.16974500065,16720.926697714203,204858.77675175093,1.1148482336422147,44.922982106544005,1.9895196601282805e-13,0.0,3.3306690738754696e-16,False,False,False
deterministic,2025-01-01,53,optimal,15749.16974500065,16464.698802294923,203859.06506766978,0.5152378640666385,32.75175399461357,3.126388037344441e-13,0.0,6.661338147750939e-16,False,False,False
deterministic,2025-01-01,54,optimal,15749.16974500065,16487.536046248395,203501.98078781998,0.4991168842027558,35.94689615779172,3.126388037344441e-13,0.0,5.551115123125783e-16,False,False,False
deterministic,2025-01-01,55,optimal,15749.16974500065,16581.347212503446,204037.288800376,0.32586710176964007,41.401061025254215,1.4210854715202004e-13,0.0,3.3306690738754696e-16,False,False,False
deterministic,2025-01-01,56,optimal,15749.16974500065,16655.253689326815,204221.39418232293,1.2584030017575147,25.929393033709058,1.9895196601282805e-13,0.0,6.661338147750939e-16,False,False,False
deterministic,2025-01-01,57,optimal,15749.16974500065,16570.933138692948,204146.8108820124,0.6895299563068646,39.016199667348644,1.1368683772161603e-13,0.0,5.551115123125783e-16,False,False,False
deterministic,2025-01-01,58,optimal,15749.16974500065,16495.87364374387,204407.8752061171,0.1912841330030578,44.06236982610532,3.126388037344441e-13,0.0,6.661338147750939e-16,False,False,False
deterministic,2025-01-01,59,optimal,15749.16974500065,16635.077635369733,204392.2728503204,0.25755734224282,39.32827732519021,2.8421709430404007e-13,0.0,3.3306690738754696e-16,False,False,False
deterministic,2025-01-01,60,optimal,15749.16974500065,16573.63160773281,203963.99917344342,0.23203931010695744,37.784418262661255,2.5579538487363607e-13,0.0,3.3306690738754696e-16,False,False,False
deterministic,2025-01-01,61,optimal,15749.16974500065,16533.802256733543,203662.59867745588,1.2750350399728851,28.24776324503157,2.8421709430404007e-13,0.0,3.3306690738754696e-16,False,False,False
deterministic,2025-01-01,62,optimal,15749.16974500065,16518.265320556617,203740.01562502832,0.3191540010564301,42.48373594125965,1.4210854715202004e-13,0.0,3.3306690738754696e-16,False,False,False
deterministic,2025-01-01,63,optimal,15749.16974500065,16492.389332144186,203504.70758573196,0.2100295933304738,42.34085639492526,1.9895196601282805e-13,0.0,3.3306690738754696e-16,False,False,False
deterministic,2025-01-01,64,optimal,15749.16974500065,16665.11659717057,204300.197533671,2.0080658798939375,35.12348460646656,1.1368683772161603e-13,0.0,3.3306690738754696e-16,False,False,False
deterministic,2025-01-01,65,optimal,15749.16974500065,16503.615569741956,203838.25293498035,0.5934134355296422,42.91410889919105,1.4210854715202004e-13,0.0,3.3306690738754696e-16,False,False,False
deterministic,2025-01-01,66,optimal,15749.16974500065,16670.169007222285,204296.31912831878,0.0493515902838953,47.12633758277974,2.2737367544323206e-13,0.0,3.3306690738754696e-16,False,False,False
deterministic,2025-01-01,67,optimal,15749.16974500065,16575.919605088755,204027.03083333495,0.4398669175725516,39.65626910890807,1.7053025658242404e-13,0.0,3.3306690738754696e-16,False,False,False
deterministic,2025-01-01,68,optimal,15749.16974500065,16666.800176039902,204961.406409381,1.7043237329629544,41.08498728159766,1.4210854715202004e-13,0.0,3.3306690738754696e-16,False,False,False
deterministic,2025-01-01,69,optimal,15749.16974500065,16562.397380942202,204100.88912794707,0.402806321108359,40.792309605865306,2.5579538487363607e-13,0.0,3.3306690738754696e-16,False,False,False
deterministic,2025-01-01,70,optimal,15749.16974500065,16617.081538837978,203901.62187489658,0.6526187286972026,42.92667390793443,8.526512829121202e-14,0.0,1.1102230246251565e-16,False,False,False
deterministic,2025-01-01,71,optimal,15749.16974500065,16545.49132773149,204535.37858982076,0.3906142316371389,44.62715461979183,2.5579538487363607e-13,0.0,6.661338147750939e-16,False,False,False
deterministic,2025-01-01,72,optimal,15749.16974500065,16621.265516003572,204455.72915428752,0.5191339031836534,43.39663908876086,1.9895196601282805e-13,0.0,3.3306690738754696e-16,False,False,False
deterministic,2025-01-01,73,optimal,15749.16974500065,16573.13387235221,203971.49061569897,0.32368311558152013,36.47343732555818,2.2737367544323206e-13,0.0,6.661338147750939e-16,False,False,False
deterministic,2025-01-01,74,optimal,15749.16974500065,16548.057148891116,204013.7662963199,0.29080621138391044,41.03917687575898,2.5579538487363607e-13,0.0,5.551115123125783e-16,False,False,False
deterministic,2025-01-01,75,optimal,15749.16974500065,16537.840907590282,204377.37505822495,0.3048678358317097,37.06553912854352,1.7053025658242404e-13,0.0,6.661338147750939e-16,False,False,False
deterministic,2025-01-01,76,optimal,15749.16974500065,16539.516106456234,203660.7893916895,0.3930314153079202,40.23997270151325,8.526512829121202e-14,0.0,3.3306690738754696e-16,False,False,False
deterministic,2025-01-01,77,optimal,15749.16974500065,16514.597977301717,203983.13392488554,0.24828249611934175,32.6897939286263,1.1368683772161603e-13,0.0,6.661338147750939e-16,False,False,False
deterministic,2025-01-01,78,optimal,15749.16974500065,16490.395601924592,203653.6269387472,0.8933343800266397,37.81818232117321,2.2737367544323206e-13,0.0,3.3306690738754696e-16,False,False,False
deterministic,2025-01-01,79,optimal,15749.16974500065,16584.662541061738,204213.06992291703,0.5527291189473205,36.14710889391362,2.5579538487363607e-13,0.0,3.3306690738754696e-16,False,False,False
deterministic,2025-01-01,80,optimal,15749.16974500065,16658.514972740377,204423.06509856816,0.3958375756727013,35.184357845115706,1.4210854715202004e-13,0.0,3.3306690738754696e-16,False,False,False
deterministic,2025-01-01,81,optimal,15749.16974500065,16776.19968902465,204723.5941907315,0.016998298410294765,48.16386524881489,2.2737367544323206e-13,0.0,6.661338147750939e-16,False,False,False
deterministic,2025-01-01,82,optimal,15749.16974500065,16519.26742154386,203739.66512182762,0.961339689611335,27.648018852238252,2.8421709430404007e-13,0.0,3.3306690738754696e-16,False,False,False
deterministic,2025-01-01,83,optimal,15749.16974500065,16563.69674670963,203685.66222383056,1.1443433060286001,31.231172020127364,1.1368683772161603e-13,0.0,6.661338147750939e-16,False,False,False
deterministic,2025-01-01,84,optimal,15749.16974500065,16439.701569047036,203955.2133535162,1.0530235647744255,29.893661591770734,2.8421709430404007e-13,0.0,3.3306690738754696e-16,False,False,False
deterministic,2025-01-01,85,optimal,15749.16974500065,16524.58853177608,203624.23235485394,0.45783474049372,42.706614091728966,1.7053025658242404e-13,0.0,3.3306690738754696e-16,False,False,False
deterministic,2025-01-01,86,optimal,15749.16974500065,16549.67853736238,204256.46805487282,0.8433614801003747,33.28939278033292,1.1368683772161603e-13,0.0,6.661338147750939e-16,False,False,False
deterministic,2025-01-01,87,optimal,15749.16974500065,16583.9557151401,204126.94654162313,0.6281188426683618,35.278223234623695,1.9895196601282805e-13,0.0,6.661338147750939e-16,False,False,False
deterministic,2025-01-01,88,optimal,15749.16974500065,16642.36811647593,204853.98523376806,0.4715934381079233,43.762320532397965,2.8421709430404007e-13,0.0,3.3306690738754696e-16,False,False,False
deterministic,2025-01-01,89,optimal,15749.16974500065,16655.284616258577,204043.93075616885,0.9793452246715559,37.78711874439334,2.8421709430404007e-13,0.0,6.661338147750939e-16,False,False,False
deterministic,2025-01-01,90,optimal,15749.16974500065,16563.00343850314,204134.1408317501,0.4264813512995001,41.87887806052622,1.9895196601282805e-13,0.0,3.3306690738754696e-16,False,False,False
deterministic,2025-01-01,91,optimal,15749.16974500065,16630.939117532933,204167.35211832868,0.34301599189223464,37.417406040622126,1.4210854715202004e-13,0.0,6.661338147750939e-16,False,False,False
deterministic,2025-01-01,92,optimal,15749.16974500065,16476.22680496635,203709.37588879696,1.1012459835664372,28.1090619609084,1.9895196601282805e-13,0.0,5.551115123125783e-16,False,False,False
deterministic,2025-01-01,93,optimal,15749.16974500065,16596.366831140615,204367.6909372814,0.43821684710393505,40.78189062529999,1.1368683772161603e-13,0.0,1.9984014443252818e-15,False,False,False
deterministic,2025-01-01,94,optimal,15749.16974500065,16459.707710547314,203179.25328552813,0.8197624214352274,34.22804005643007,2.2737367544323206e-13,0.0,6.661338147750939e-16,False,False,False
deterministic,2025-01-01,95,optimal,15749.16974500065,16593.409333131567,203904.91238402922,0.39072739958335784,39.62173747783873,3.410605131648481e-13,0.0,3.3306690738754696e-16,False,False,False
deterministic,2025-01-01,96,optimal,15749.16974500065,16463.562072572422,203550.30506095936,0.5744063057608735,34.968949431869824,8.526512829121202e-14,0.0,3.3306690738754696e-16,False,False,False
deterministic,2025-01-01,97,optimal,15749.16974500065,16523.195604726057,203862.4497783498,1.7796615040190535,38.209980982478264,1.7053025658242404e-13,0.0,3.3306690738754696e-16,False,False,False
deterministic,2025-01-01,98,optimal,15749.16974500065,16525.95037289267,204249.02026529933,1.5776824666703682,29.823641380458547,2.2737367544323206e-13,0.0,3.3306690738754696e-16,False,False,False
deterministic,2025-01-01,99,optimal,15749.16974500065,16574.40499032228,204073.1461710525,0.5610845550846346,42.85525626394435,1.9895196601282805e-13,0.0,3.3306690738754696e-16,False,False,False
deterministic,2025-04-01,0,optimal,15811.608669641511,16728.76859584618,126139.4625779998,1.1556280163224109,37.30736798370996,5.684341886080802e-14,0.0,9.992007221626409e-16,False,False,False
deterministic,2025-04-01,1,optimal,15811.608669641511,16756.605330193594,125818.79916893813,0.8007746002059632,47.22701116750805,1.1368683772161603e-13,0.0,9.992007221626409e-16,False,False,False
deterministic,2025-04-01,2,optimal,15811.608669641511,16431.180912444957,126001.99231492236,1.071041322546304,28.227698974854935,7.105427357601002e-14,0.0,9.992007221626409e-16,False,False,False
deterministic,2025-04-01,3,optimal,15811.608669641511,16904.180064333013,126541.59288787635,0.4163515981704322,41.242110799398255,1.4210854715202004e-13,0.0,9.992007221626409e-16,False,False,False
deterministic,2025-04-01,4,optimal,15811.608669641511,16501.291382206175,126094.37555579744,0.3753197929802909,35.28442465577728,8.526512829121202e-14,0.0,9.992007221626409e-16,False,False,False
deterministic,2025-04-01,5,optimal,15811.608669641511,16624.9900696597,126265.11056402206,0.8204612310468229,42.015838874191324,5.684341886080802e-14,0.0,9.992007221626409e-16,False,False,False
deterministic,2025-04-01,6,optimal,15811.608669641511,16600.086948828484,126390.92534401432,1.1726254394014246,31.941312015304753,1.4210854715202004e-13,0.0,7.771561172376096e-16,False,False,False
deterministic,2025-04-01,7,optimal,15811.608669641511,16595.782992317312,126372.76895371193,0.9164370877209445,34.4575797673514,8.526512829121202e-14,0.0,8.881784197001252e-16,False,False,False
deterministic,2025-04-01,8,optimal,15811.608669641511,16622.17368454115,126027.9168247377,1.648450125676273,34.401119883822545,2.5579538487363607e-13,0.0,7.771561172376096e-16,False,False,False
deterministic,2025-04-01,9,optimal,15811.608669641511,16653.514334891905,126024.40055044988,0.487667173796727,45.996080384917974,8.526512829121202e-14,0.0,9.992007221626409e-16,False,False,False
deterministic,2025-04-01,10,optimal,15811.608669641511,16534.80943629338,126522.00306094057,0.8674433289305894,33.97390398787754,5.684341886080802e-14,0.0,9.992007221626409e-16,False,False,False
deterministic,2025-04-01,11,optimal,15811.608669641511,16594.039042839777,126266.71213312368,0.9687173987604574,30.283760697053392,1.1368683772161603e-13,0.0,9.992007221626409e-16,False,False,False
deterministic,2025-04-01,12,optimal,15811.608669641511,16639.564419481547,126171.88892400629,0.9277813983240379,30.1530890931945,2.8421709430404007e-13,0.0,7.771561172376096e-16,False,False,False
deterministic,2025-04-01,13,optimal,15811.608669641511,16777.25743678805,126510.86846649942,0.9152313690776867,38.99466814869236,8.526512829121202e-14,0.0,9.992007221626409e-16,False,False,False
deterministic,2025-04-01,14,optimal,15811.608669641511,16529.791198306077,126214.39775714616,1.8113536553452967,33.99636272503329,5.684341886080802e-14,0.0,9.992007221626409e-16,False,False,False
deterministic,2025-04-01,15,optimal,15811.608669641511,16579.39828681783,126220.578759348,1.659361469985682,29.76446221815551,1.1368683772161603e-13,0.0,9.992007221626409e-16,False,False,False
deterministic,2025-04-01,16,optimal,15811.608669641511,16438.689537919803,126116.02836522197,1.2173954440570727,27.883745431227883,8.526512829121202e-14,0.0,9.992007221626409e-16,False,False,False
deterministic,2025-04-01,17,optimal,15811.608669641511,16701.413557766435,126645.28255150928,0.6886189649407302,43.81928773308834,1.7053025658242404e-13,0.0,1.3322676295501878e-15,False,False,False
deterministic,2025-04-01,18,optimal,15811.608669641511,16593.869946577583,125999.1974249275,0.5539816271438237,40.29325129792239,1.4210854715202004e-13,0.0,8.881784197001252e-16,False,False,False
deterministic,2025-04-01,19,optimal,15811.608669641511,16738.02575282432,126528.18264876411,1.338326478513709,34.92909696633395,8.526512829121202e-14,0.0,1.3322676295501878e-15,False,False,False
deterministic,2025-04-01,20,optimal,15811.608669641511,16531.642435384376,126197.5500505623,0.783923168210276,34.923079250796306,2.8421709430404007e-13,0.0,9.992007221626409e-16,False,False,False
deterministic,2025-04-01,21,optimal,15811.608669641511,16675.119395589623,126330.48946270878,1.2658654825198759,32.72872385371381,5.684341886080802e-14,0.0,9.992007221626409e-16,False,False,False
deterministic,2025-04-01,22,optimal,15811.608669641511,16589.542674864446,126200.08860138679,1.0105520087951918,34.58825836693583,1.1368683772161603e-13,0.0,9.992007221626409e-16,False,False,False
deterministic,2025-04-01,23,optimal,15811.608669641511,16579.290214291523,126314.77322469374,1.616019625991993,38.45180210182153,1.1368683772161603e-13,0.0,9.992007221626409e-16,False,False,False
deterministic,2025-04-01,24,optimal,15811.608669641511,16560.277531452866,126042.6872269306,0.5173843123818467,42.34714287248126,8.526512829121202e-14,0.0,9.992007221626409e-16,False,False,False
deterministic,2025-04-01,25,optimal,15811.608669641511,16440.50435404063,126250.6956852042,0.9479935887338679,30.841464618299167,1.4210854715202004e-13,0.0,9.992007221626409e-16,False,False,False
deterministic,2025-04-01,26,optimal,15811.608669641511,16763.466165307367,126216.23254344742,0.8699657466624726,45.37464530059912,1.1368683772161603e-13,0.0,9.992007221626409e-16,False,False,False
deterministic,2025-04-01,27,optimal,15811.608669641511,16774.96350213154,126131.82324214358,0.6580907555983887,39.72644675688396,1.1368683772161603e-13,0.0,1.3322676295501878e-15,False,False,False
deterministic,2025-04-01,28,optimal,15811.608669641511,16488.511744584015,126043.46697520973,0.7683009465723223,26.932059779748425,1.7053025658242404e-13,0.0,9.992007221626409e-16,False,False,False
deterministic,2025-04-01,29,optimal,15811.608669641511,16472.63036551072,126221.61453915019,1.4558380127970856,25.51669178281607,1.1368683772161603e-13,0.0,9.992007221626409e-16,False,False,False
deterministic,2025-04-01,30,optimal,15811.608669641511,16707.428667628825,126178.9158882489,1.0329513527164746,30.130504304229483,1.1368683772161603e-13,0.0,9.992007221626409e-16,False,False,False
deterministic,2025-04-01,31,optimal,15811.608669641511,16657.654607935732,126666.29318163503,0.9839918707956972,35.12790604194105,2.842170943040401e-14,0.0,9.992007221626409e-16,False,False,False
deterministic,2025-04-01,32,optimal,15811.608669641511,16532.3144220344,126325.51999966927,0.7362606569364878,34.1300356753781,1.7053025658242404e-13,0.0,9.992007221626409e-16,False,False,False
deterministic,2025-04-01,33,optimal,15811.608669641511,16750.858571739154,125909.37322266829,0.8484323182215534,50.456513083835986,1.2789769243681803e-13,0.0,9.992007221626409e-16,False,False,False
deterministic,2025-04-01,34,optimal,15811.608669641511,16873.082594883344,125971.20943445855,1.103927330280159,40.278337636738804,1.1368683772161603e-13,0.0,9.992007221626409e-16,False,False,False
deterministic,2025-04-01,35,optimal,15811.608669641511,16575.534090596284,126268.75899192512,0.5058117242240505,39.91677885797342,8.526512829121202e-14,0.0,9.992007221626409e-16,False,False,False
deterministic,2025-04-01,36,optimal,15811.608669641511,16694.42568681166,126232.08201113094,0.46300904855550695,43.47411314957469,2.5579538487363607e-13,0.0,9.992007221626409e-16,False,False,False
deterministic,2025-04-01,37,optimal,15811.608669641511,16594.377590790555,126414.19543687433,1.5364467969874323,29.564982698926162,8.526512829121202e-14,0.0,7.771561172376096e-16,False,False,False
deterministic,2025-04-01,38,optimal,15811.608669641511,16722.0992318992,126418.87305549622,2.0820988442912385,32.10479779224971,2.842170943040401e-14,0.0,9.992007221626409e-16,False,False,False
deterministic,2025-04-01,39,optimal,15811.608669641511,16587.29478308284,126068.900735777,1.5264230505508811,25.891964956571577,1.1368683772161603e-13,0.0,9.992007221626409e-16,False,False,False
deterministic,2025-04-01,40,optimal,15811.608669641511,16464.81547568754,126256.07304683802,2.2916804698432567,31.38753509243019,2.842170943040401e-14,0.0,9.992007221626409e-16,False,False,False
deterministic,2025-04-01,41,optimal,15811.608669641511,16498.39607594937,126254.86408385402,1.9145594426185402,22.194246091694726,1.1368683772161603e-13,0.0,9.992007221626409e-16,False,False,False
deterministic,2025-04-01,42,optimal,15811.608669641511,16815.59411484019,126499.59968263163,1.069537196574934,36.55665975917838,1.4210854715202004e-13,0.0,9.992007221626409e-16,False,False,False
deterministic,2025-04-01,43,optimal,15811.608669641511,16724.1540783448,126568.14966003521,1.2686713204586788,36.40400916240474,8.526512829121202e-14,0.0,9.992007221626409e-16,False,False,False
deterministic,2025-04-01,44,optimal,15811.608669641511,16528.699633468335,125838.20768154143,0.5889931679421042,35.1053896931435,5.684341886080802e-14,0.0,9.992007221626409e-16,False,False,False
deterministic,2025-04-01,45,optimal,15811.608669641511,16746.86074331829,126543.78701578201,1.0806323947315153,38.990493565499925,1.7053025658242404e-13,0.0,9.992007221626409e-16,False,False,False
deterministic,2025-04-01,46,optimal,15811.608669641511,16586.590183302396,126035.34253438535,0.5284618620871031,37.3239050816015,8.526512829121202e-14,0.0,9.992007221626409e-16,False,False,False
deterministic,2025-04-01,47,optimal,15811.608669641511,16627.285938562767,126300.02851628851,1.059683515739756,36.75797914329532,8.526512829121202e-14,0.0,9.992007221626409e-16,False,False,False
deterministic,2025-04-01,48,optimal,15811.608669641511,16454.223172867572,125933.58328370698,1.0683230580509768,32.74126662747421,2.2737367544323206e-13,0.0,1.1102230246251565e-15,False,False,False
deterministic,2025-04-01,49,optimal,15811.608669641511,16861.976602741503,126211.70490972474,0.48879670358551686,43.910097394983566,8.526512829121202e-14,0.0,9.992007221626409e-16,False,False,False
deterministic,2025-04-01,50,optimal,15811.608669641511,16835.931140682653,126469.66501210468,0.4776439619305418,40.51249331087223,8.526512829121202e-14,0.0,9.992007221626409e-16,False,False,False
deterministic,2025-04-01,51,optimal,15811.608669641511,16574.234688142747,126162.56560703549,1.5536477753995501,37.29050921793485,5.684341886080802e-14,0.0,9.992007221626409e-16,False,False,False
deterministic,2025-04-01,52,optimal,15811.608669641511,16691.509794223657,126418.97898268345,0.7623259156999221,41.585102636803505,8.526512829121202e-14,0.0,9.992007221626409e-16,False,False,False
deterministic,2025-04-01,53,optimal,15811.608669641511,16504.401474216153,126091.71938496431,0.6662228836583725,26.567882130911617,8.526512829121202e-14,0.0,9.992007221626409e-16,False,False,False
deterministic,2025-04-01,54,optimal,15811.608669641511,16519.893619656927,126017.11091768641,0.5084990831591285,32.758943584828764,1.4210854715202004e-13,0.0,9.992007221626409e-16,False,False,False
deterministic,2025-04-01,55,optimal,15811.608669641511,16626.080420654536,126343.29316382004,0.8513798594559931,38.84595577023987,8.526512829121202e-14,0.0,9.992007221626409e-16,False,False,False
deterministic,2025-04-01,56,optimal,15811.608669641511,16403.95112206023,126208.36743894476,1.761420132328698,24.17076970505899,1.4210854715202004e-13,0.0,9.992007221626409e-16,False,False,False
deterministic,2025-04-01,57,optimal,15811.608669641511,16488.568044201627,125636.00084760765,1.2698679273968656,33.22463268735367,8.526512829121202e-14,0.0,9.992007221626409e-16,False,False,False
deterministic,2025-04-01,58,optimal,15811.608669641511,16828.906362594484,126476.49597485721,0.36884727775394455,44.92330739830581,8.526512829121202e-14,0.0,9.992007221626409e-16,False,False,False
deterministic,2025-04-01,59,optimal,15811.608669641511,16540.68142477179,126264.49818787246,1.3415383032573867,36.52536042408425,5.684341886080802e-14,0.0,9.992007221626409e-16,False,False,False
deterministic,2025-04-01,60,optimal,15811.608669641511,16675.976472457107,126531.01415050872,1.8449202549405743,33.71443820619377,1.1368683772161603e-13,0.0,9.992007221626409e-16,False,False,False
deterministic,2025-04-01,61,optimal,15811.608669641511,16413.87826600659,125929.59704149653,1.820800680770421,26.954514339031604,8.526512829121202e-14,0.0,9.992007221626409e-16,False,False,False
deterministic,2025-04-01,62,optimal,15811.608669641511,16620.4489212972,126460.23850858439,0.5178197168585537,41.16891073938267,1.1368683772161603e-13,0.0,9.992007221626409e-16,False,False,False
deterministic,2025-04-01,63,optimal,15811.608669641511,16721.655683225366,126205.0604231119,0.6418158308170826,45.1640505904861,1.4210854715202004e-13,0.0,9.992007221626409e-16,False,False,False
deterministic,2025-04-01,64,optimal,15811.608669641511,16525.84814979812,126795.34754184172,1.5514381106100115,31.90872911582924,5.684341886080802e-14,0.0,7.771561172376096e-16,False,False,False
deterministic,2025-04-01,65,optimal,15811.608669641511,16738.224157642828,126379.6948577993,0.7537495142017808,37.47010005340872,8.526512829121202e-14,0.0,9.992007221626409e-16,False,False,False
deterministic,2025-04-01,66,optimal,15811.608669641511,16628.31011420388,126191.78382601096,0.7429948557249059,44.667075260894244,1.1368683772161603e-13,0.0,9.992007221626409e-16,False,False,False
deterministic,2025-04-01,67,optimal,15811.608669641511,16417.44717722299,125849.02991934023,0.3737943849477936,35.64236047574254,1.1368683772161603e-13,0.0,9.992007221626409e-16,False,False,False
deterministic,2025-04-01,68,optimal,15811.608669641511,16515.93336820527,126082.9695487006,1.2861727896972708,35.891841245884464,5.684341886080802e-14,0.0,9.992007221626409e-16,False,False,False
deterministic,2025-04-01,69,optimal,15811.608669641511,16691.948322993576,126209.66605436191,0.7910715280930445,39.76904049156724,2.2737367544323206e-13,0.0,9.992007221626409e-16,False,False,False
deterministic,2025-04-01,70,optimal,15811.608669641511,16546.420785648865,126403.5940362525,1.620274642530886,42.748835762842795,8.526512829121202e-14,0.0,9.992007221626409e-16,False,False,False
deterministic,2025-04-01,71,optimal,15811.608669641511,16647.386687870632,126314.58945687414,0.41103960544796647,43.64355795452938,8.526512829121202e-14,0.0,9.992007221626409e-16,False,False,False
deterministic,2025-04-01,72,optimal,15811.608669641511,16688.374008484425,126306.99437623829,1.2860622777005437,40.7303714113876,1.1368683772161603e-13,0.0,9.992007221626409e-16,False,False,False
deterministic,2025-04-01,73,optimal,15811.608669641511,16521.239968045702,125957.9146086229,1.2266982896173755,32.84986940444473,1.1368683772161603e-13,0.0,1.3322676295501878e-15,False,False,False
deterministic,2025-04-01,74,optimal,15811.608669641511,16555.858985979954,125746.8838403808,0.5599338922520195,38.282973111169866,1.1368683772161603e-13,0.0,9.992007221626409e-16,False,False,False
deterministic,2025-04-01,75,optimal,15811.608669641511,16500.56346981821,126140.33321350659,0.5433818196609218,35.42526717362084,1.4210854715202004e-13,0.0,9.992007221626409e-16,False,False,False
deterministic,2025-04-01,76,optimal,15811.608669641511,16606.8387297737,126027.75725496875,0.7744790030402544,38.54532476890178,5.684341886080802e-14,0.0,9.992007221626409e-16,False,False,False
deterministic,2025-04-01,77,optimal,15811.608669641511,16661.854106242576,126222.64976185253,1.4492202336247315,29.071803626184973,1.1368683772161603e-13,0.0,9.992007221626409e-16,False,False,False
deterministic,2025-04-01,78,optimal,15811.608669641511,16728.554758453996,126383.57029425148,0.6115348321724264,36.829372483877634,8.526512829121202e-14,0.0,9.992007221626409e-16,False,False,False
deterministic,2025-04-01,79,optimal,15811.608669641511,16571.34614089984,126382.36415305772,1.2412390397932729,32.48597371929028,2.2737367544323206e-13,0.0,9.992007221626409e-16,False,False,False
deterministic,2025-04-01,80,optimal,15811.608669641511,16546.33712688239,126222.12565659135,1.2967094168146822,35.383984488392876,1.1368683772161603e-13,0.0,1.1102230246251565e-15,False,False,False
deterministic,2025-04-01,81,optimal,15811.608669641511,16748.20014095045,126263.25344629002,0.9366569157448629,41.35581799993655,8.526512829121202e-14,0.0,7.771561172376096e-16,False,False,False
deterministic,2025-04-01,82,optimal,15811.608669641511,16679.66142061749,126581.69379112666,1.23610036473563,28.303129558039394,1.1368683772161603e-13,0.0,9.992007221626409e-16,False,False,False
deterministic,2025-04-01,83,optimal,15811.608669641511,16536.443674743467,125818.19274638407,1.5060729217828435,31.090496227339443,5.684341886080802e-14,0.0,9.992007221626409e-16,False,False,False
deterministic,2025-04-01,84,optimal,15811.608669641511,16502.975085773203,126028.49152642395,0.9884423644924141,30.483517956029317,2.2737367544323206e-13,0.0,9.992007221626409e-16,False,False,False
deterministic,2025-04-01,85,optimal,15811.608669641511,16855.071242359743,126397.13388440882,0.6216584933107794,47.411574470202225,1.1368683772161603e-13,0.0,9.992007221626409e-16,False,False,False
deterministic,2025-04-01,86,optimal,15811.608669641511,16524.601737352885,126330.34757170387,1.3691935523573153,31.60721745453861,8.526512829121202e-14,0.0,9.992007221626409e-16,False,False,False
deterministic,2025-04-01,87,optimal,15811.608669641511,16731.774607107836,126266.03564170646,0.652529532133138,36.671085164355866,1.7053025658242404e-13,0.0,9.992007221626409e-16,False,False,False
deterministic,2025-04-01,88,optimal,15811.608669641511,16923.941756380893,126419.42722288262,0.7150899783687352,42.91244599686915,8.526512829121202e-14,0.0,9.992007221626409e-16,False,False,False
deterministic,2025-04-01,89,optimal,15811.608669641511,16577.58781915594,126271.52924354278,1.558581890355347,33.865081995308316,1.1368683772161603e-13,0.0,9.992007221626409e-16,False,False,False
deterministic,2025-04-01,90,optimal,15811.608669641511,16523.180544693787,125919.60422344352,0.6917941454883558,41.94895010272352,5.684341886080802e-14,0.0,9.992007221626409e-16,False,False,False
deterministic,2025-04-01,91,optimal,15811.608669641511,16621.764435535395,126065.13607723809,0.9978244048455854,36.65904139187036,1.9895196601282805e-13,0.0,9.992007221626409e-16,False,False,False
deterministic,2025-04-01,92,optimal,15811.608669641511,16416.32595792121,125911.00063129558,1.212693359074695,25.739077118431275,1.1368683772161603e-13,0.0,9.992007221626409e-16,False,False,False
deterministic,2025-04-01,93,optimal,15811.608669641511,16596.58492961221,125794.67450186644,0.7022810565235618,33.7296441711924,1.9895196601282805e-13,0.0,9.992007221626409e-16,False,False,False
deterministic,2025-04-01,94,optimal,15811.608669641511,16547.456432924388,125999.94449454935,0.9501730088378106,32.67549690073935,4.263256414560601e-14,0.0,7.771561172376096e-16,False,False,False
deterministic,2025-04-01,95,optimal,15811.608669641511,16572.39111973754,126058.48037208353,0.5674427036150117,36.85957497596935,1.1368683772161603e-13,0.0,9.992007221626409e-16,False,False,False
deterministic,2025-04-01,96,optimal,15811.608669641511,16587.764787889275,126406.29273816504,1.2284976605597617,33.057849679444594,1.4210854715202004e-13,0.0,8.881784197001252e-16,False,False,False
deterministic,2025-04-01,97,optimal,15811.608669641511,16774.30547331752,126540.66962080417,1.088357398504669,36.9231100776614,8.526512829121202e-14,0.0,9.992007221626409e-16,False,False,False
deterministic,2025-04-01,98,optimal,15811.608669641511,16479.239780699772,126269.27026382435,1.5538999419230513,26.772800511843034,2.5579538487363607e-13,0.0,7.771561172376096e-16,False,False,False
deterministic,2025-04-01,99,optimal,15811.608669641511,16572.48849472067,125970.73408218846,0.4569832935312753,40.19181551615621,1.1368683772161603e-13,0.0,9.992007221626409e-16,False,False,False
deterministic,2025-07-01,0,optimal,16022.985047598595,17436.44063455664,172457.48592846966,1.3681290914564912,36.40409280328941,1.4210854715202004e-13,0.0,9.992007221626409e-16,False,False,False
deterministic,2025-07-01,1,optimal,16022.985047598595,17419.78916547065,172172.88861361862,1.3635443755781322,47.46890300116387,1.5631940186722204e-13,0.0,9.992007221626409e-16,False,False,False
deterministic,2025-07-01,2,optimal,16022.985047598595,17264.89929169162,172260.7541324039,1.949570505085074,30.631319998773204,8.526512829121202e-14,0.0,9.992007221626409e-16,False,False,False
deterministic,2025-07-01,3,optimal,16022.985047598595,17817.479618478148,172454.1033637128,1.4636854978956433,38.96103094195676,2.5579538487363607e-13,0.0,9.992007221626409e-16,False,False,False
deterministic,2025-07-01,4,optimal,16022.985047598595,17247.527134803888,172595.53091793702,2.1067703402395996,32.242461953754834,8.526512829121202e-14,0.0,9.992007221626409e-16,False,False,False
deterministic,2025-07-01,5,optimal,16022.985047598595,17580.532114790065,172223.6517697139,1.17894157011812,40.12199482023422,1.1368683772161603e-13,0.0,9.992007221626409e-16,False,False,False
deterministic,2025-07-01,6,optimal,16022.985047598595,17261.521751563836,172436.97994001218,1.9518208692730217,31.954266616611896,1.4210854715202004e-13,0.0,9.992007221626409e-16,False,False,False
deterministic,2025-07-01,7,optimal,16022.985047598595,17609.448699145265,172466.48106133202,1.5599530638318273,34.84077101078511,8.526512829121202e-14,0.0,9.992007221626409e-16,False,False,False
deterministic,2025-07-01,8,optimal,16022.985047598595,17375.939673032433,172234.73646146868,1.7981684898619739,36.5699381327286,1.4210854715202004e-13,0.0,9.992007221626409e-16,False,False,False
deterministic,2025-07-01,9,optimal,16022.985047598595,17441.444202846506,172368.46977032043,0.7264602711319558,47.092570496623296,5.684341886080802e-14,0.0,9.992007221626409e-16,False,False,False
deterministic,2025-07-01,10,optimal,16022.985047598595,17146.26799425816,172030.8302526304,0.8196937039973826,34.31461278078676,8.526512829121202e-14,0.0,9.992007221626409e-16,False,False,False
deterministic,2025-07-01,11,optimal,16022.985047598595,17212.315359389464,172382.9841145473,2.2251725878987454,28.274412286225818,1.1368683772161603e-13,0.0,9.992007221626409e-16,False,False,False
deterministic,2025-07-01,12,optimal,16022.985047598595,17584.387031199432,172072.19415773507,1.6794655742663154,30.579954925648227,8.526512829121202e-14,0.0,9.992007221626409e-16,False,False,False
deterministic,2025-07-01,13,optimal,16022.985047598595,17644.986723172555,172380.85586841006,0.9290894730541013,41.153254156634546,1.4210854715202004e-13,0.0,9.992007221626409e-16,False,False,False
deterministic,2025-07-01,14,optimal,16022.985047598595,17243.877225365457,172456.13620765388,2.2070964817675667,35.489667644113595,1.5631940186722204e-13,0.0,9.992007221626409e-16,False,False,False
deterministic,2025-07-01,15,optimal,16022.985047598595,17312.72151350047,172594.1464957545,2.2336083849729067,29.872571400868896,8.526512829121202e-14,0.0,9.992007221626409e-16,False,False,False
deterministic,2025-07-01,16,optimal,16022.985047598595,17275.330425618668,172556.18728433808,1.7885878733238971,31.269648297938726,5.684341886080802e-14,0.0,9.992007221626409e-16,False,False,False
deterministic,2025-07-01,17,optimal,16022.985047598595,17454.012856777223,171767.5556016549,0.35447700706156604,42.41671883258589,8.526512829121202e-14,0.0,9.992007221626409e-16,False,False,False
deterministic,2025-07-01,18,optimal,16022.985047598595,17425.335859749237,172150.97235907445,1.6922198073135402,42.22489068074071,8.526512829121202e-14,0.0,1.2101430968414206e-14,False,False,False
deterministic,2025-07-01,19,optimal,16022.985047598595,17264.616734183997,172196.0620680109,1.5928599458864252,32.69323509669553,1.4210854715202004e-13,0.0,9.992007221626409e-16,False,False,False
deterministic,2025-07-01,20,optimal,16022.985047598595,17314.90188494963,172622.10927257832,1.6142989271890538,32.5749128415998,7.105427357601002e-14,0.0,9.992007221626409e-16,False,False,False
deterministic,2025-07-01,21,optimal,16022.985047598595,17198.53850942256,172263.96042345822,1.4492085436169793,32.82638741938455,8.526512829121202e-14,0.0,9.992007221626409e-16,False,False,False
deterministic,2025-07-01,22,optimal,16022.985047598595,17318.571848585107,172540.3690893997,2.4701740883575707,36.02199859684788,1.1368683772161603e-13,0.0,9.992007221626409e-16,False,False,False
deterministic,2025-07-01,23,optimal,16022.985047598595,17303.937196620423,172457.45489430285,1.9949666659031682,38.181072851397886,1.2789769243681803e-13,0.0,9.992007221626409e-16,False,False,False
deterministic,2025-07-01,24,optimal,16022.985047598595,17360.900294178024,172445.36951524153,1.3417880200064625,41.439630018824964,8.526512829121202e-14,0.0,9.992007221626409e-16,False,False,False
deterministic,2025-07-01,25,optimal,16022.985047598595,17129.175481388098,172259.45504848764,1.3044825580764743,31.297439515348046,1.1368683772161603e-13,0.0,9.992007221626409e-16,False,False,False
deterministic,2025-07-01,26,optimal,16022.985047598595,17361.526394986915,171952.72912892388,0.7297656394706887,45.75274575072096,1.4210854715202004e-13,0.0,9.992007221626409e-16,False,False,False
deterministic,2025-07-01,27,optimal,16022.985047598595,17399.859116470303,172310.80462483142,1.600541579028869,38.94737356724668,1.1368683772161603e-13,0.0,9.992007221626409e-16,False,False,False
deterministic,2025-07-01,28,optimal,16022.985047598595,17210.196124874332,172331.61251043566,1.7151926341214871,26.44321153850596,8.526512829121202e-14,0.0,9.992007221626409e-16,False,False,False
deterministic,2025-07-01,29,optimal,16022.985047598595,17185.229071174796,172567.1957289534,2.121674126764469,25.680294982966828,1.2789769243681803e-13,0.0,9.992007221626409e-16,False,False,False
deterministic,2025-07-01,30,optimal,16022.985047598595,17282.259106764017,172739.27296285777,2.735157859691757,30.663295142676493,1.7053025658242404e-13,0.0,9.992007221626409e-16,False,False,False
deterministic,2025-07-01,31,optimal,16022.985047598595,17236.120169075617,172111.39990265816,1.926289957504872,34.47841050792651,1.4210854715202004e-13,0.0,9.992007221626409e-16,False,False,False
deterministic,2025-07-01,32,optimal,16022.985047598595,17296.575748277104,172555.20936219822,2.287821292373705,34.29582894018682,1.4210854715202004e-13,0.0,9.992007221626409e-16,False,False,False
deterministic,2025-07-01,33,optimal,16022.985047598595,17460.44620608181,172101.68960434428,0.40850330503133936,46.91334838530928,1.7053025658242404e-13,0.0,9.992007221626409e-16,False,False,False
deterministic,2025-07-01,34,optimal,16022.985047598595,17464.810729230867,172448.52665990152,1.8264811076087766,38.75942863723042,8.526512829121202e-14,0.0,9.992007221626409e-16,False,False,False
deterministic,2025-07-01,35,optimal,16022.985047598595,17255.533424178364,172313.16776558664,1.005616461158079,41.29123983212711,1.1368683772161603e-13,0.0,9.992007221626409e-16,False,False,False
deterministic,2025-07-01,36,optimal,16022.985047598595,17345.807162070738,172373.50700858515,1.4895326918683438,43.129591717274735,1.1368683772161603e-13,0.0,9.992007221626409e-16,False,False,False
deterministic,2025-07-01,37,optimal,16022.985047598595,17194.555317173883,172385.56787178564,2.449285385882472,27.765175061012304,8.526512829121202e-14,0.0,9.992007221626409e-16,False,False,False
deterministic,2025-07-01,38,optimal,16022.985047598595,17293.832625138275,172643.15385112775,2.692646759502665,33.36038998007445,1.2789769243681803e-13,0.0,9.992007221626409e-16,False,False,False
deterministic,2025-07-01,39,optimal,16022.985047598595,17379.341841501533,173179.79520614867,2.7571551210999203,26.595216289998127,1.1368683772161603e-13,0.0,9.992007221626409e-16,False,False,False
deterministic,2025-07-01,40,optimal,16022.985047598595,17274.599769713284,172852.030674184,3.1944381507275956,29.30032206403416,8.526512829121202e-14,0.0,9.992007221626409e-16,False,False,False
deterministic,2025-07-01,41,optimal,16022.985047598595,17241.663646792458,172853.41575815124,3.402142017946212,22.48014937709246,1.9895196601282805e-13,0.0,9.992007221626409e-16,False,False,False
deterministic,2025-07-01,42,optimal,16022.985047598595,17425.5497603653,172288.24260855268,1.6262857295734578,38.86026441477998,5.684341886080802e-14,0.0,9.992007221626409e-16,False,False,False
deterministic,2025-07-01,43,optimal,16022.985047598595,17786.649589958473,172465.1964900461,2.042863306259507,35.64295085947736,8.526512829121202e-14,0.0,9.992007221626409e-16,False,False,False
deterministic,2025-07-01,44,optimal,16022.985047598595,17442.58836021041,172675.97577997163,1.3830163128707083,36.266726737604394,8.526512829121202e-14,0.0,9.992007221626409e-16,False,False,False
deterministic,2025-07-01,45,optimal,16022.985047598595,17297.802860538704,172697.48666465917,1.9113170005104787,40.13339888146532,1.4210854715202004e-13,0.0,9.992007221626409e-16,False,False,False
deterministic,2025-07-01,46,optimal,16022.985047598595,17391.91187595985,172282.66994040148,1.2290919496496007,35.956600366220286,1.7053025658242404e-13,0.0,9.992007221626409e-16,False,False,False
deterministic,2025-07-01,47,optimal,16022.985047598595,17485.15192622874,172764.3671582058,2.2562524376953603,38.66576296336974,4.263256414560601e-14,0.0,9.992007221626409e-16,False,False,False
deterministic,2025-07-01,48,optimal,16022.985047598595,17279.176298339862,172422.23061366784,1.600749869646354,33.45589913104327,5.684341886080802e-14,0.0,9.992007221626409e-16,False,False,False
deterministic,2025-07-01,49,optimal,16022.985047598595,17367.062991751674,172243.37653755205,0.9494877574405679,44.614176835973126,1.9895196601282805e-13,0.0,9.992007221626409e-16,False,False,False
deterministic,2025-07-01,50,optimal,16022.985047598595,17341.00156566123,172457.2386653768,1.885017345894887,39.43062352122935,5.684341886080802e-14,0.0,9.992007221626409e-16,False,False,False
deterministic,2025-07-01,51,optimal,16022.985047598595,17339.351151984916,172340.17822130068,1.149686656957941,37.5814731216849,1.7053025658242404e-13,0.0,9.992007221626409e-16,False,False,False
deterministic,2025-07-01,52,optimal,16022.985047598595,17277.916415097458,172033.98429633235,0.9318003797741331,40.187834647676524,5.684341886080802e-14,0.0,9.992007221626409e-16,False,False,False
deterministic,2025-07-01,53,optimal,16022.985047598595,17318.83151214185,172583.71068217375,1.8334588567487224,27.60688160426707,1.1368683772161603e-13,0.0,9.992007221626409e-16,False,False,False
deterministic,2025-07-01,54,optimal,16022.985047598595,17489.09591710711,172493.77443044586,1.4813238920708207,34.42809278092947,8.526512829121202e-14,0.0,9.992007221626409e-16,False,False,False
deterministic,2025-07-01,55,optimal,16022.985047598595,17273.68580161974,172083.7559829168,1.1679797585703366,38.8966492328437,1.1368683772161603e-13,0.0,9.992007221626409e-16,False,False,False
deterministic,2025-07-01,56,optimal,16022.985047598595,17260.216480657848,172823.17193484228,2.9119675744606957,27.0181229249941,8.526512829121202e-14,0.0,9.992007221626409e-16,False,False,False
deterministic,2025-07-01,57,optimal,16022.985047598595,17270.056900792766,172536.69877687757,1.9606274654714886,32.96692506696259,5.684341886080802e-14,0.0,9.992007221626409e-16,False,False,False
deterministic,2025-07-01,58,optimal,16022.985047598595,17376.123762993066,171953.70285203567,0.49996061223659644,41.469975278993424,1.1368683772161603e-13,0.0,9.992007221626409e-16,False,False,False
deterministic,2025-07-01,59,optimal,16022.985047598595,17263.282219736513,172818.69139636704,2.6335272555014217,35.464540699974016,5.684341886080802e-14,0.0,9.992007221626409e-16,False,False,False
deterministic,2025-07-01,60,optimal,16022.985047598595,17280.208043045353,172693.48956589334,1.7945513695271627,37.56527756841794,1.4210854715202004e-13,0.0,9.992007221626409e-16,False,False,False
deterministic,2025-07-01,61,optimal,16022.985047598595,17336.7081492517,173115.07758692213,3.457225529215749,27.428353752220353,1.7053025658242404e-13,0.0,9.992007221626409e-16,False,False,False
deterministic,2025-07-01,62,optimal,16022.985047598595,17228.751866684128,172032.98601526313,0.8367272063073649,37.44175234321935,8.526512829121202e-14,0.0,9.992007221626409e-16,False,False,False
deterministic,2025-07-01,63,optimal,16022.985047598595,17370.213235896692,172012.35413724446,0.7049477473511577,46.12928035124415,1.7053025658242404e-13,0.0,9.992007221626409e-16,False,False,False
deterministic,2025-07-01,64,optimal,16022.985047598595,17169.48565780232,172277.63828316645,2.3428557536472945,30.823718271801187,8.526512829121202e-14,0.0,9.992007221626409e-16,False,False,False
deterministic,2025-07-01,65,optimal,16022.985047598595,17405.490460957928,171811.94525704556,0.8980605838843991,35.11683719381788,1.7053025658242404e-13,0.0,5.551115123125783e-15,False,False,False
deterministic,2025-07-01,66,optimal,16022.985047598595,17258.172380634114,172134.81179682052,1.0429845774315545,43.689328913049295,5.684341886080802e-14,0.0,9.992007221626409e-16,False,False,False
deterministic,2025-07-01,67,optimal,16022.985047598595,17254.714181067175,172535.72912049724,1.7220570647305393,35.750888131220854,1.4210854715202004e-13,0.0,9.992007221626409e-16,False,False,False
deterministic,2025-07-01,68,optimal,16022.985047598595,17265.569573526685,172307.29084379296,1.8819746027798956,37.59931169418774,5.684341886080802e-14,0.0,9.992007221626409e-16,False,False,False
deterministic,2025-07-01,69,optimal,16022.985047598595,17436.091140865617,172023.56709461886,0.8641671734219241,40.323251644732316,2.2737367544323206e-13,0.0,9.992007221626409e-16,False,False,False
deterministic,2025-07-01,70,optimal,16022.985047598595,17289.410838798092,172533.33849535545,1.8884108625500913,40.53448779773801,1.4210854715202004e-13,0.0,9.992007221626409e-16,False,False,False
deterministic,2025-07-01,71,optimal,16022.985047598595,17344.042524243025,172255.6798016257,1.2083178032831474,43.646619939390476,8.526512829121202e-14,0.0,9.992007221626409e-16,False,False,False
deterministic,2025-07-01,72,optimal,16022.985047598595,17314.042935962392,172089.3756663169,1.2933581496244964,42.29512130216424,1.7053025658242404e-13,0.0,9.992007221626409e-16,False,False,False
deterministic,2025-07-01,73,optimal,16022.985047598595,17247.70218379262,172263.56719001572,1.8368335776088494,33.37988332672851,1.1368683772161603e-13,0.0,9.992007221626409e-16,False,False,False
deterministic,2025-07-01,74,optimal,16022.985047598595,17368.959880365644,172570.30001142825,1.1261418041065208,39.31854837863205,1.1368683772161603e-13,0.0,9.992007221626409e-16,False,False,False
deterministic,2025-07-01,75,optimal,16022.985047598595,17308.693388956377,172396.85456652337,2.0302309697834984,35.570846286696344,1.1368683772161603e-13,0.0,9.992007221626409e-16,False,False,False
deterministic,2025-07-01,76,optimal,16022.985047598595,17257.136052653837,171946.5615304192,0.8821507043137184,39.1572338611443,1.2789769243681803e-13,0.0,9.992007221626409e-16,False,False,False
deterministic,2025-07-01,77,optimal,16022.985047598595,17404.833870817918,172302.50225592888,1.049465745688614,32.41470114360722,8.526512829121202e-14,0.0,9.992007221626409e-16,False,False,False
deterministic,2025-07-01,78,optimal,16022.985047598595,17330.277541357656,172475.881759523,1.7278510725621183,36.324608893167884,1.1368683772161603e-13,0.0,9.992007221626409e-16,False,False,False
deterministic,2025-07-01,79,optimal,16022.985047598595,17261.065936150466,172594.3027273037,1.7672942115819323,33.08193534586703,1.9895196601282805e-13,0.0,9.992007221626409e-16,False,False,False
deterministic,2025-07-01,80,optimal,16022.985047598595,17354.79597856798,172771.6396953602,2.5836889422339855,34.233860949936414,8.526512829121202e-14,0.0,9.992007221626409e-16,False,False,False
deterministic,2025-07-01,81,optimal,16022.985047598595,17401.3691407537,172531.42855480523,1.473286715974559,41.19318696998506,1.4210854715202004e-13,0.0,9.992007221626409e-16,False,False,False
deterministic,2025-07-01,82,optimal,16022.985047598595,17629.4536785841,172738.01008428007,2.3058342101088924,27.513758834865797,2.842170943040401e-14,0.0,9.992007221626409e-16,False,False,False
deterministic,2025-07-01,83,optimal,16022.985047598595,17391.770410308407,172747.55218133098,2.3286453005423424,33.906178676383085,2.5579538487363607e-13,0.0,9.992007221626409e-16,False,False,False
deterministic,2025-07-01,84,optimal,16022.985047598595,17295.29562054781,172789.58436734395,3.0733844821294523,32.181629018973744,8.526512829121202e-14,0.0,9.992007221626409e-16,False,False,False
deterministic,2025-07-01,85,optimal,16022.985047598595,17352.755942782816,171965.27458766644,0.8893437115378515,46.93603704099692,1.7053025658242404e-13,0.0,9.992007221626409e-16,False,False,False
deterministic,2025-07-01,86,optimal,16022.985047598595,17237.069518185417,172318.64048024506,1.5962067753693439,31.76058250233798,7.105427357601002e-14,0.0,9.992007221626409e-16,False,False,False
deterministic,2025-07-01,87,optimal,16022.985047598595,17751.07758453229,172519.5581234416,1.3193612618415147,39.26833620829015,1.1368683772161603e-13,0.0,9.992007221626409e-16,False,False,False
deterministic,2025-07-01,88,optimal,16022.985047598595,17332.60105458949,172064.9850499383,0.9778930639790938,42.4389078729951,1.7053025658242404e-13,0.0,9.992007221626409e-16,False,False,False
deterministic,2025-07-01,89,optimal,16022.985047598595,17400.592576139938,172546.00988183162,1.823115240179032,35.76301746097217,5.684341886080802e-14,0.0,9.992007221626409e-16,False,False,False
deterministic,2025-07-01,90,optimal,16022.985047598595,17321.73898758352,172505.71764890067,1.432102022071823,42.4262368846766,2.842170943040401e-14,0.0,9.992007221626409e-16,False,False,False
deterministic,2025-07-01,91,optimal,16022.985047598595,17304.955835723238,172317.64917558656,1.6875275641409198,34.94320053907095,2.2737367544323206e-13,0.0,9.992007221626409e-16,False,False,False
deterministic,2025-07-01,92,optimal,16022.985047598595,17154.9879974577,172268.8933756411,1.8342364735125294,24.213841279592582,8.526512829121202e-14,0.0,9.992007221626409e-16,False,False,False
deterministic,2025-07-01,93,optimal,16022.985047598595,17635.59230906984,172096.30018729478,1.117794781789422,37.62755862537293,1.4210854715202004e-13,0.0,9.992007221626409e-16,False,False,False
deterministic,2025-07-01,94,optimal,16022.985047598595,17620.861220113333,172157.26961874712,1.4033967334424298,34.6894796298324,1.1368683772161603e-13,0.0,9.992007221626409e-16,False,False,False
deterministic,2025-07-01,95,optimal,16022.985047598595,17375.94911781917,172535.7914982165,1.1794807904513729,36.186317850596204,1.1368683772161603e-13,0.0,9.992007221626409e-16,False,False,False
deterministic,2025-07-01,96,optimal,16022.985047598595,17211.82459600803,172091.29841418492,1.2379573976139786,34.255040752597196,9.947598300641403e-14,0.0,9.992007221626409e-16,False,False,False
deterministic,2025-07-01,97,optimal,16022.985047598595,17292.824423184404,172314.65771214085,1.3199480260662662,37.69168731766393,8.526512829121202e-14,0.0,9.992007221626409e-16,False,False,False
deterministic,2025-07-01,98,optimal,16022.985047598595,17249.127395271582,172321.14179800532,2.583280707801652,27.00844088099243,8.526512829121202e-14,0.0,9.992007221626409e-16,False,False,False
deterministic,2025-07-01,99,optimal,16022.985047598595,17351.89038487694,172679.47349585744,1.7094510399862988,38.98588596965633,1.1368683772161603e-13,0.0,9.992007221626409e-16,False,False,False
deterministic,2025-10-01,0,optimal,16703.285694681024,17220.14099669173,174603.69139814598,0.6820006106619353,36.233001094482226,1.1368683772161603e-13,0.0,1.6653345369377348e-15,False,False,False
deterministic,2025-10-01,1,optimal,16703.285694681024,17477.658287420552,175046.14112754475,1.8012533183730264,47.60983790206604,1.4210854715202004e-13,0.0,1.6653345369377348e-15,False,False,False
deterministic,2025-10-01,2,optimal,16703.285694681024,17178.538283578626,174369.19803003944,1.423348686279178,30.9428700302002,1.1368683772161603e-13,0.0,9.43689570931383e-16,False,False,False
deterministic,2025-10-01,3,optimal,16703.285694681024,17339.62123462787,174387.55889153125,0.363271614583464,38.64074338706692,1.2789769243681803e-13,0.0,1.6653345369377348e-15,False,False,False
deterministic,2025-10-01,4,optimal,16703.285694681024,17099.87454746332,174272.23158208604,0.6063402427978499,31.461541463826112,7.105427357601002e-14,0.0,9.43689570931383e-16,False,False,False
deterministic,2025-10-01,5,optimal,16703.285694681024,17258.323783812288,174555.17621687756,1.267242542472998,42.280920575134296,8.526512829121202e-14,0.0,9.43689570931383e-16,False,False,False
deterministic,2025-10-01,6,optimal,16703.285694681024,17353.473517284983,174922.32167153366,1.138955547071784,33.034092665907885,1.7053025658242404e-13,0.0,9.43689570931383e-16,False,False,False
deterministic,2025-10-01,7,optimal,16703.285694681024,17342.632615375278,174748.07761841637,0.9834484796563387,33.96912742070891,1.1368683772161603e-13,0.0,9.43689570931383e-16,False,False,False
deterministic,2025-10-01,8,optimal,16703.285694681024,17366.207731447354,174715.2798813833,1.9157069341323945,36.713076705793156,8.526512829121202e-14,0.0,1.6653345369377348e-15,False,False,False
deterministic,2025-10-01,9,optimal,16703.285694681024,17475.298059451143,174737.89648512256,0.6828401922776001,46.43309409445556,1.4210854715202004e-13,0.0,9.43689570931383e-16,False,False,False
deterministic,2025-10-01,10,optimal,16703.285694681024,17141.03708228056,174133.56871320165,0.4775618014764107,34.21552173302184,1.1368683772161603e-13,0.0,9.43689570931383e-16,False,False,False
deterministic,2025-10-01,11,optimal,16703.285694681024,17254.23849778816,174753.0657207304,1.1032616574780785,29.059229021907303,7.105427357601002e-14,0.0,9.43689570931383e-16,False,False,False
deterministic,2025-10-01,12,optimal,16703.285694681024,17209.888093267098,174425.77687798132,1.2483681317391762,30.62670706209026,1.4210854715202004e-13,0.0,9.43689570931383e-16,False,False,False
deterministic,2025-10-01,13,optimal,16703.285694681024,17284.543147807155,174242.36030977062,0.9220072855774644,37.42433419110595,1.1368683772161603e-13,0.0,9.43689570931383e-16,False,False,False
deterministic,2025-10-01,14,optimal,16703.285694681024,17416.19053125209,174997.4544752523,1.2679049116723087,37.3663134718976,1.7053025658242404e-13,0.0,1.6653345369377348e-15,False,False,False
deterministic,2025-10-01,15,optimal,16703.285694681024,17287.536243479,174644.98356800154,1.7539047457096986,32.645701610638305,9.947598300641403e-14,0.0,3.3306690738754696e-16,False,False,False
deterministic,2025-10-01,16,optimal,16703.285694681024,17278.180591614288,175213.98831975964,1.8062299717057415,31.429303151636088,3.734809475020029e-07,0.0,6.661338147750939e-16,True,False,False
deterministic,2025-10-01,17,optimal,16703.285694681024,17450.47841963582,174886.90196980996,1.4321744382416919,45.24231896616647,1.7053025658242404e-13,0.0,1.6653345369377348e-15,False,False,False
deterministic,2025-10-01,18,optimal,16703.285694681024,17405.041656073336,174644.64015433422,1.2458333208135677,42.29803691810171,8.526512829121202e-14,0.0,9.43689570931383e-16,False,False,False
deterministic,2025-10-01,19,optimal,16703.285694681024,17302.16595928827,174393.32153631386,1.071161316217006,37.038912552375855,1.7053025658242404e-13,0.0,9.43689570931383e-16,False,False,False
deterministic,2025-10-01,20,optimal,16703.285694681024,17126.187172883117,174582.44184354768,0.5178464295029415,32.949680201182666,8.526512829121202e-14,0.0,9.43689570931383e-16,False,False,False
deterministic,2025-10-01,21,optimal,16703.285694681024,17138.46695579043,174118.8697001719,1.4686343703998261,30.43281398991745,1.4210854715202004e-13,0.0,1.6653345369377348e-15,False,False,False
deterministic,2025-10-01,22,optimal,16703.285694681024,17383.218354711193,174852.78908199075,1.8100843860311602,35.873580262947755,4.263256414560601e-14,0.0,1.6653345369377348e-15,False,False,False
deterministic,2025-10-01,23,optimal,16703.285694681024,17482.665629033952,174928.95159238126,0.5005705070698658,38.74480185058399,1.9895196601282805e-13,0.0,1.6653345369377348e-15,False,False,False
deterministic,2025-10-01,24,optimal,16703.285694681024,17488.106366048713,174845.7414019905,0.9482201126619721,41.72955431643419,1.1368683772161603e-13,0.0,9.43689570931383e-16,False,False,False
deterministic,2025-10-01,25,optimal,16703.285694681024,17125.269464301004,174364.36299375503,1.036410530670125,30.374979665726002,8.526512829121202e-14,0.0,9.43689570931383e-16,False,False,False
deterministic,2025-10-01,26,optimal,16703.285694681024,17448.366928554748,174832.8804749172,1.2961655583182918,44.97857041959141,3.126388037344441e-13,0.0,1.6653345369377348e-15,False,False,False
deterministic,2025-10-01,27,optimal,16703.285694681024,17419.03590346136,175110.48694298853,1.4162399422027594,40.59091186395057,7.105427357601002e-14,0.0,9.43689570931383e-16,False,False,False
deterministic,2025-10-01,28,optimal,16703.285694681024,17255.029325338302,174772.79360593532,1.656213001601622,28.39449858700623,5.684341886080802e-14,0.0,9.43689570931383e-16,False,False,False
deterministic,2025-10-01,29,optimal,16703.285694681024,17093.70582168161,174078.22994877773,1.039463868006218,25.604162522371645,8.526512829121202e-14,0.0,9.43689570931383e-16,False,False,False
deterministic,2025-10-01,30,optimal,16703.285694681024,17159.926811466496,174127.15475468666,0.8676302753778775,30.258024531508305,8.526512829121202e-14,0.0,9.43689570931383e-16,False,False,False
deterministic,2025-10-01,31,optimal,16703.285694681024,17211.007453252725,174390.46416165034,0.9184266973012261,31.613601357037474,8.526512829121202e-14,0.0,9.43689570931383e-16,False,False,False
deterministic,2025-10-01,32,optimal,16703.285694681024,17340.45711581876,175021.6672936151,1.2290217479253411,35.0185576634707,1.1368683772161603e-13,0.0,8.881784197001252e-16,False,False,False
deterministic,2025-10-01,33,optimal,16703.285694681024,17593.87707030832,175128.01081528858,0.7660283621864566,51.323043052548684,1.4210854715202004e-13,0.0,9.43689570931383e-16,False,False,False
deterministic,2025-10-01,34,optimal,16703.285694681024,17489.21280174222,174764.9111475288,1.3136290139914724,39.08878699861537,8.526512829121202e-14,0.0,1.6653345369377348e-15,False,False,False
deterministic,2025-10-01,35,optimal,16703.285694681024,17359.766665240848,174594.10450906825,0.9912341222559954,39.46403709131453,1.4210854715202004e-13,0.0,1.2212453270876722e-15,False,False,False
deterministic,2025-10-01,36,optimal,16703.285694681024,17570.26438599087,175350.61137487862,1.2487492386291825,44.50318464791574,8.526512829121202e-14,0.0,1.6653345369377348e-15,False,False,False
deterministic,2025-10-01,37,optimal,16703.285694681024,17165.379477048835,174389.15521636567,1.004494177539826,28.123403649068152,8.526512829121202e-14,0.0,1.6653345369377348e-15,False,False,False
deterministic,2025-10-01,38,optimal,16703.285694681024,17321.642710049546,174946.8113034739,1.7025791957090455,32.64395529003057,1.4210854715202004e-13,0.0,1.6653345369377348e-15,False,False,False
deterministic,2025-10-01,39,optimal,16703.285694681024,17248.535330985425,174619.32449711201,1.5670677254703285,26.231810492647117,1.9895196601282805e-13,0.0,9.43689570931383e-16,False,False,False
deterministic,2025-10-01,40,optimal,16703.285694681024,17314.003547397755,175323.40810512938,3.018251404414428,31.692586351449243,8.526512829121202e-14,0.0,1.6653345369377348e-15,False,False,False
deterministic,2025-10-01,41,optimal,16703.285694681024,17090.519922427753,174272.07812908993,1.3217947448765617,22.28531780664844,1.7053025658242404e-13,0.0,1.6653345369377348e-15,False,False,False
deterministic,2025-10-01,42,optimal,16703.285694681024,17607.84819878788,175027.76815075273,1.298506125538744,40.2806308101769,1.9895196601282805e-13,0.0,1.6653345369377348e-15,False,False,False
deterministic,2025-10-01,43,optimal,16703.285694681024,17219.459051330567,174046.6912936492,0.5775026184672083,35.348211897473746,5.684341886080802e-14,0.0,1.6653345369377348e-15,False,False,False
deterministic,2025-10-01,44,optimal,16703.285694681024,17276.322908282444,174681.38759493193,0.9902883280337471,36.56338303063569,1.9895196601282805e-13,0.0,9.43689570931383e-16,False,False,False
deterministic,2025-10-01,45,optimal,16703.285694681024,17308.645866375144,174745.55609572819,0.924168483268243,38.690821009790845,1.1368683772161603e-13,0.0,1.6653345369377348e-15,False,False,False
deterministic,2025-10-01,46,optimal,16703.285694681024,17237.003098599926,174541.52373221258,0.7493167086086759,37.515551602739755,1.2789769243681803e-13,0.0,8.659739592076221e-15,False,False,False
deterministic,2025-10-01,47,optimal,16703.285694681024,17391.433299383334,174905.50760015438,2.0293824888560867,38.01846976603198,2.5579538487363607e-13,0.0,1.6653345369377348e-15,False,False,False
deterministic,2025-10-01,48,optimal,16703.285694681024,17197.391986840805,174580.14260030646,1.0505295108582342,33.59863671844773,7.105427357601002e-14,0.0,9.43689570931383e-16,False,False,False
deterministic,2025-10-01,49,optimal,16703.285694681024,17415.103417911363,174719.6401775249,1.3669312628248835,43.65308551347682,7.105427357601002e-14,0.0,9.43689570931383e-16,False,False,False
deterministic,2025-10-01,50,optimal,16703.285694681024,17516.898899818603,175204.5633601057,0.7542767681161462,40.56653718626858,1.4210854715202004e-13,0.0,1.6653345369377348e-15,False,False,False
deterministic,2025-10-01,51,optimal,16703.285694681024,17192.011394208865,174621.69333736764,1.5283010355729372,36.75180750863559,2.2737367544323206e-13,0.0,9.43689570931383e-16,False,False,False
deterministic,2025-10-01,52,optimal,16703.285694681024,17315.849364837937,174692.0850450223,1.0215213317384115,39.033532156789384,5.684341886080802e-14,0.0,1.6653345369377348e-15,False,False,False
deterministic,2025-10-01,53,optimal,16703.285694681024,17131.0633295133,174522.13256286026,0.8975500556291668,28.48860771401237,9.947598300641403e-14,0.0,9.43689570931383e-16,False,False,False
deterministic,2025-10-01,54,optimal,16703.285694681024,17337.80229248224,174656.47545740643,0.8360731276339144,33.11317690667572,8.526512829121202e-14,0.0,9.43689570931383e-16,False,False,False
deterministic,2025-10-01,55,optimal,16703.285694681024,17418.718056694084,174861.01215515187,0.8875337568808717,39.34042663161376,1.9895196601282805e-13,0.0,9.992007221626409e-16,False,False,False
deterministic,2025-10-01,56,optimal,16703.285694681024,17291.695966639916,174996.86495673505,2.2167131819832826,27.405983159137513,1.9895196601282805e-13,0.0,1.6653345369377348e-15,False,False,False
deterministic,2025-10-01,57,optimal,16703.285694681024,17261.10773134471,174676.27659521296,1.7381105659476175,37.01530758045076,1.1368683772161603e-13,0.0,1.6653345369377348e-15,False,False,False
deterministic,2025-10-01,58,optimal,16703.285694681024,17330.24187625328,174255.87614329756,0.4227234631271194,40.13662279596137,7.105427357601002e-14,0.0,9.43689570931383e-16,False,False,False
deterministic,2025-10-01,59,optimal,16703.285694681024,17295.198229659716,174921.22876685747,0.9253699704906984,36.96312941187865,1.4210854715202004e-13,0.0,9.43689570931383e-16,False,False,False
deterministic,2025-10-01,60,optimal,16703.285694681024,17321.234283430796,174838.13277253028,1.2042018803687564,34.577110875284944,1.9895196601282805e-13,0.0,1.6653345369377348e-15,False,False,False
deterministic,2025-10-01,61,optimal,16703.285694681024,17274.64063564059,174727.53199769036,2.238925373799819,27.39018855321389,1.1368683772161603e-13,0.0,1.6653345369377348e-15,False,False,False
deterministic,2025-10-01,62,optimal,16703.285694681024,17345.166933012497,174549.73879536643,0.9122580559136404,39.07347455547469,8.526512829121202e-14,0.0,7.771561172376096e-16,False,False,False
deterministic,2025-10-01,63,optimal,16703.285694681024,17435.89322770147,174863.55918934717,1.8491052594494293,44.34830470332788,1.4210854715202004e-13,0.0,1.2212453270876722e-15,False,False,False
deterministic,2025-10-01,64,optimal,16703.285694681024,17186.4291200861,174644.39999825016,1.5604783175428634,29.61872270361428,1.4210854715202004e-13,0.0,1.6653345369377348e-15,False,False,False
deterministic,2025-10-01,65,optimal,16703.285694681024,17228.567290689796,174219.96341868382,1.1174465792593753,37.947090489442004,5.684341886080802e-14,0.0,1.6653345369377348e-15,False,False,False
deterministic,2025-10-01,66,optimal,16703.285694681024,17308.123343725372,174543.26792919807,0.7434725302025283,43.86350896095765,8.526512829121202e-14,0.0,9.43689570931383e-16,False,False,False
deterministic,2025-10-01,67,optimal,16703.285694681024,17269.113233617925,174817.92246949094,0.5999471252082846,36.22776590022483,8.526512829121202e-14,0.0,1.6653345369377348e-15,False,False,False
deterministic,2025-10-01,68,optimal,16703.285694681024,17480.751116111518,175112.86485009274,2.130996114251022,39.85050184781551,2.842170943040401e-14,0.0,9.43689570931383e-16,False,False,False
deterministic,2025-10-01,69,optimal,16703.285694681024,17340.915295051152,174661.67284493326,1.3073033007877024,40.90339338852595,1.4210854715202004e-13,0.0,9.43689570931383e-16,False,False,False
deterministic,2025-10-01,70,optimal,16703.285694681024,17465.312102356664,175084.03877297748,1.391411285184629,42.82002884814102,2.8421709430404007e-13,0.0,9.43689570931383e-16,False,False,False
deterministic,2025-10-01,71,optimal,16703.285694681024,17379.20069519642,174808.4094535998,1.5082472103092994,43.94179886254551,8.526512829121202e-14,0.0,9.43689570931383e-16,False,False,False
deterministic,2025-10-01,72,optimal,16703.285694681024,17401.317205748004,174954.9603908738,2.076121885777313,44.19873523863787,3.410605131648481e-13,0.0,1.6653345369377348e-15,False,False,False
deterministic,2025-10-01,73,optimal,16703.285694681024,17259.530301534436,174471.2297894731,1.1288868310090407,37.01518571932303,5.684341886080802e-14,0.0,1.6653345369377348e-15,False,False,False
deterministic,2025-10-01,74,optimal,16703.285694681024,17363.01455356569,174949.53808141898,0.9128065540187642,38.93395439100912,7.105427357601002e-14,0.0,9.43689570931383e-16,False,False,False
deterministic,2025-10-01,75,optimal,16703.285694681024,17191.888325111584,174357.00973447974,0.470762340963097,35.49032862925669,1.1368683772161603e-13,0.0,9.43689570931383e-16,False,False,False
deterministic,2025-10-01,76,optimal,16703.285694681024,17406.76848093387,174630.53308857765,0.5927875362321449,39.16928615085469,1.1368683772161603e-13,0.0,1.6653345369377348e-15,False,False,False
deterministic,2025-10-01,77,optimal,16703.285694681024,17361.431122972594,174975.9814195082,1.5362623346385895,33.742023714087544,2.2737367544323206e-13,0.0,9.43689570931383e-16,False,False,False
deterministic,2025-10-01,78,optimal,16703.285694681024,17319.17817940555,174772.19556474863,1.5592771629224171,36.289286296507285,1.9895196601282805e-13,0.0,1.6653345369377348e-15,False,False,False
deterministic,2025-10-01,79,optimal,16703.285694681024,17216.067116298727,174648.79263273146,0.7631899071863438,33.49568385137306,7.105427357601002e-14,0.0,1.6653345369377348e-15,False,False,False
deterministic,2025-10-01,80,optimal,16703.285694681024,17219.848977548692,174627.84094999204,0.8880292842959703,34.10095471860712,2.5579538487363607e-13,0.0,7.549516567451064e-15,False,False,False
deterministic,2025-10-01,81,optimal,16703.285694681024,17491.721025674997,174969.4708684766,0.7017533567408438,44.04122763487979,1.4210854715202004e-13,0.0,9.43689570931383e-16,False,False,False
deterministic,2025-10-01,82,optimal,16703.285694681024,17179.58200393682,174499.70166156755,1.1409950341755914,27.77283206425449,1.4210854715202004e-13,0.0,9.43689570931383e-16,False,False,False
deterministic,2025-10-01,83,optimal,16703.285694681024,17393.99017053872,174823.49890395725,2.208164005332614,34.44294373026145,8.526512829121202e-14,0.0,1.6653345369377348e-15,False,False,False
deterministic,2025-10-01,84,optimal,16703.285694681024,17315.138358049622,175146.27977111482,2.994204724243856,31.81208101000569,1.7053025658242404e-13,0.0,9.992007221626409e-16,False,False,False
deterministic,2025-10-01,85,optimal,16703.285694681024,17546.837605018805,174879.47385756677,1.4757934210702397,47.01971933864185,2.2737367544323206e-13,0.0,1.6653345369377348e-15,False,False,False
deterministic,2025-10-01,86,optimal,16703.285694681024,17295.10695277713,174716.2807045827,0.9276130083977071,31.57745410392576,1.1368683772161603e-13,0.0,9.43689570931383e-16,False,False,False
deterministic,2025-10-01,87,optimal,16703.285694681024,17327.37840570623,174492.0883660785,0.7224618999272521,37.879585888716655,1.7053025658242404e-13,0.0,9.43689570931383e-16,False,False,False
deterministic,2025-10-01,88,optimal,16703.285694681024,17488.36634361581,174914.55613248167,0.6809348677955882,43.16699666062776,9.947598300641403e-14,0.0,9.43689570931383e-16,False,False,False
deterministic,2025-10-01,89,optimal,16703.285694681024,17496.61814248647,174820.7537167265,1.3584893908401532,37.716567673309086,1.1368683772161603e-13,0.0,9.43689570931383e-16,False,False,False
deterministic,2025-10-01,90,optimal,16703.285694681024,17387.422413969132,174705.93368239902,1.2287586768832917,43.67232464565774,7.105427357601002e-14,0.0,9.43689570931383e-16,False,False,False
deterministic,2025-10-01,91,optimal,16703.285694681024,17433.075382829753,175041.16183676253,1.5185830387588024,36.99094406466731,1.4210854715202004e-13,0.0,9.43689570931383e-16,False,False,False
deterministic,2025-10-01,92,optimal,16703.285694681024,17108.07905224332,174156.46872011,0.9460187737426622,27.028354833075543,2.842170943040401e-14,0.0,9.43689570931383e-16,False,False,False
deterministic,2025-10-01,93,optimal,16703.285694681024,17270.82408409581,174906.98938858733,1.65242556301178,40.01447337622854,8.526512829121202e-14,0.0,9.43689570931383e-16,False,False,False
deterministic,2025-10-01,94,optimal,16703.285694681024,17380.490810186322,174754.43685838758,1.5744809075078459,34.172153150238586,2.5579538487363607e-13,0.0,1.6653345369377348e-15,False,False,False
deterministic,2025-10-01,95,optimal,16703.285694681024,17270.715882410477,174706.61829603196,0.5725343983722613,36.37032757597563,7.105427357601002e-14,0.0,1.6653345369377348e-15,False,False,False
deterministic,2025-10-01,96,optimal,16703.285694681024,17337.600191268953,174467.5721357964,0.8789506832369371,31.447295904638274,2.5579538487363607e-13,0.0,8.881784197001252e-16,False,False,False
deterministic,2025-10-01,97,optimal,16703.285694681024,17270.185940729178,174286.30280665518,0.982587034997876,35.59335375260075,2.2737367544323206e-13,0.0,1.6653345369377348e-15,False,False,False
deterministic,2025-10-01,98,optimal,16703.285694681024,17243.891150303876,174651.0880676143,1.9086099826920289,26.988781626013402,8.526512829121202e-14,0.0,9.992007221626409e-16,False,False,False
deterministic,2025-10-01,99,optimal,16703.285694681024,17281.250166321915,174741.7692397811,1.809153659565613,38.455893166551164,1.1368683772161603e-13,0.0,1.6653345369377348e-15,False,False,False
